[{"fields": {"name": "Action"}, "model": "movies.genre", "pk": 1}, {"fields": {"name": "Adult"}, "model": "movies.genre", "pk": 2}, {"fields": {"name": "Adventure"}, "model": "movies.genre", "pk": 3}, {"fields": {"name": "Animation"}, "model": "movies.genre", "pk": 4}, {"fields": {"name": "Biography"}, "model": "movies.genre", "pk": 5}, {"fields": {"name": "Comedy"}, "model": "movies.genre", "pk": 6}, {"fields": {"name": "Crime"}, "model": "movies.genre", "pk": 7}, {"fields": {"name": "Documentary"}, "model": "movies.genre", "pk": 8}, {"fields": {"name": "Drama"}, "model": "movies.genre", "pk": 9}, {"fields": {"name": "Family"}, "model": "movies.genre", "pk": 10}, {"fields": {"name": "Fantasy"}, "model": "movies.genre", "pk": 11}, {"fields": {"name": "Film-Noir"}, "model": "movies.genre", "pk": 12}, {"fields": {"name": "Game-Show"}, "model": "movies.genre", "pk": 13}, {"fields": {"name": "History"}, "model": "movies.genre", "pk": 14}, {"fields": {"name": "Horror"}, "model": "movies.genre", "pk": 15}, {"fields": {"name": "Music"}, "model": "movies.genre", "pk": 16}, {"fields": {"name": "Musical"}, "model": "movies.genre", "pk": 17}, {"fields": {"name": "Mystery"}, "model": "movies.genre", "pk": 18}, {"fields": {"name": "News"}, "model": "movies.genre", "pk": 19}, {"fields": {"name": "Reality-TV"}, "model": "movies.genre", "pk": 20}, {"fields": {"name": "Romance"}, "model": "movies.genre", "pk": 21}, {"fields": {"name": "Sci-Fi"}, "model": "movies.genre", "pk": 22}, {"fields": {"name": "Short"}, "model": "movies.genre", "pk": 23}, {"fields": {"name": "Sport"}, "model": "movies.genre", "pk": 24}, {"fields": {"name": "Talk-Show"}, "model": "movies.genre", "pk": 25}, {"fields": {"name": "Thriller"}, "model": "movies.genre", "pk": 26}, {"fields": {"name": "War"}, "model": "movies.genre", "pk": 27}, {"fields": {"name": "Western"}, "model": "movies.genre", "pk": 28}, {"fields": {"name": "Adrian Lyne"}, "model": "movies.director", "pk": 1}, {"fields": {"name": "Akira Kurosawa"}, "model": "movies.director", "pk": 2}, {"fields": {"name": "Alain Resnais"}, "model": "movies.director", "pk": 3}, {"fields": {"name": "Alfred Hitchcock"}, "model": "movies.director", "pk": 4}, {"fields": {"name": "Andy Wachowski"}, "model": "movies.director", "pk": 5}, {"fields": {"name": "Anthony Mann"}, "model": "movies.director", "pk": 6}, {"fields": {"name": "Arthur Lipsett"}, "model": "movies.director", "pk": 7}, {"fields": {"name": "Arthur Penn"}, "model": "movies.director", "pk": 8}, {"fields": {"name": "Barry Levinson"}, "model": "movies.director", "pk": 9}, {"fields": {"name": "Billy Wilder"}, "model": "movies.director", "pk": 10}, {"fields": {"name": "Bob Sweeney"}, "model": "movies.director", "pk": 11}, {"fields": {"name": "Bobby Quinn"}, "model": "movies.director", "pk": 12}, {"fields": {"name": "Bretaigne Windust"}, "model": "movies.director", "pk": 13}, {"fields": {"name": "Brian De Palma"}, "model": "movies.director", "pk": 14}, {"fields": {"name": "Bruce Gowers"}, "model": "movies.director", "pk": 15}, {"fields": {"name": "Burt Gillett"}, "model": "movies.director", "pk": 16}, {"fields": {"name": "Cameron Crowe"}, "model": "movies.director", "pk": 17}, {"fields": {"name": "Carl Boese"}, "model": "movies.director", "pk": 18}, {"fields": {"name": "Carol Reed"}, "model": "movies.director", "pk": 19}, {"fields": {"name": "Cecil B. DeMille"}, "model": "movies.director", "pk": 20}, {"fields": {"name": "Charles Chaplin"}, "model": "movies.director", "pk": 21}, {"fields": {"name": "Charles S. Dubin"}, "model": "movies.director", "pk": 22}, {"fields": {"name": "Cliff Bole"}, "model": "movies.director", "pk": 23}, {"fields": {"name": "Clint Eastwood"}, "model": "movies.director", "pk": 24}, {"fields": {"name": "Clyde Bruckman"}, "model": "movies.director", "pk": 25}, {"fields": {"name": "Clyde Geronimi"}, "model": "movies.director", "pk": 26}, {"fields": {"name": "D.W. Griffith"}, "model": "movies.director", "pk": 27}, {"fields": {"name": "Dave Wilson"}, "model": "movies.director", "pk": 28}, {"fields": {"name": "David Fincher"}, "model": "movies.director", "pk": 29}, {"fields": {"name": "David Lean"}, "model": "movies.director", "pk": 30}, {"fields": {"name": "Dennis Donnelly"}, "model": "movies.director", "pk": 31}, {"fields": {"name": "Dennis Hopper"}, "model": "movies.director", "pk": 32}, {"fields": {"name": "Don Siegel"}, "model": "movies.director", "pk": 33}, {"fields": {"name": "Douglas Camfield"}, "model": "movies.director", "pk": 34}, {"fields": {"name": "Edouard Molinaro"}, "model": "movies.director", "pk": 35}, {"fields": {"name": "Edward F. Cline"}, "model": "movies.director", "pk": 36}, {"fields": {"name": "Edward L. Cahn"}, "model": "movies.director", "pk": 37}, {"fields": {"name": "Edwin S. Porter"}, "model": "movies.director", "pk": 38}, {"fields": {"name": "Elia Kazan"}, "model": "movies.director", "pk": 39}, {"fields": {"name": "Erich von Stroheim"}, "model": "movies.director", "pk": 40}, {"fields": {"name": "Ernst Lubitsch"}, "model": "movies.director", "pk": 41}, {"fields": {"name": "F.W. Murnau"}, "model": "movies.director", "pk": 42}, {"fields": {"name": "Federico Fellini"}, "model": "movies.director", "pk": 43}, {"fields": {"name": "Francis Ford Coppola"}, "model": "movies.director", "pk": 44}, {"fields": {"name": "Frank Capra"}, "model": "movies.director", "pk": 45}, {"fields": {"name": "Frank Lloyd"}, "model": "movies.director", "pk": 46}, {"fields": {"name": "Franklin J. Schaffner"}, "model": "movies.director", "pk": 47}, {"fields": {"name": "Fred Zinnemann"}, "model": "movies.director", "pk": 48}, {"fields": {"name": "Fritz Lang"}, "model": "movies.director", "pk": 49}, {"fields": {"name": "George A. Romero"}, "model": "movies.director", "pk": 50}, {"fields": {"name": "George Cukor"}, "model": "movies.director", "pk": 51}, {"fields": {"name": "George Lucas"}, "model": "movies.director", "pk": 52}, {"fields": {"name": "George Roy Hill"}, "model": "movies.director", "pk": 53}, {"fields": {"name": "George Schaefer"}, "model": "movies.director", "pk": 54}, {"fields": {"name": "George Stevens"}, "model": "movies.director", "pk": 55}, {"fields": {"name": "Gerald Potterton"}, "model": "movies.director", "pk": 56}, {"fields": {"name": "Gerard Damiano"}, "model": "movies.director", "pk": 57}, {"fields": {"name": "Giovanni Pastrone"}, "model": "movies.director", "pk": 58}, {"fields": {"name": "Gordon Douglas"}, "model": "movies.director", "pk": 59}, {"fields": {"name": "Gregory J. Bonann"}, "model": "movies.director", "pk": 60}, {"fields": {"name": "Guy Hamilton"}, "model": "movies.director", "pk": 61}, {"fields": {"name": "Harry O. Hoyt"}, "model": "movies.director", "pk": 62}, {"fields": {"name": "Henry Lehrman"}, "model": "movies.director", "pk": 63}, {"fields": {"name": "Hollingsworth Morse"}, "model": "movies.director", "pk": 64}, {"fields": {"name": "Ingmar Bergman"}, "model": "movies.director", "pk": 65}, {"fields": {"name": "Irvin Kershner"}, "model": "movies.director", "pk": 66}, {"fields": {"name": "Ishirccab Honda"}, "model": "movies.director", "pk": 67}, {"fields": {"name": "Ivan Reitman"}, "model": "movies.director", "pk": 68}, {"fields": {"name": "J. Searle Dawley"}, "model": "movies.director", "pk": 69}, {"fields": {"name": "Jack Arnold"}, "model": "movies.director", "pk": 70}, {"fields": {"name": "James Algar"}, "model": "movies.director", "pk": 71}, {"fields": {"name": "James Cameron"}, "model": "movies.director", "pk": 72}, {"fields": {"name": "James Parrott"}, "model": "movies.director", "pk": 73}, {"fields": {"name": "James W. Horne"}, "model": "movies.director", "pk": 74}, {"fields": {"name": "James Whale"}, "model": "movies.director", "pk": 75}, {"fields": {"name": "Jean Renoir"}, "model": "movies.director", "pk": 76}, {"fields": {"name": "Jean Vigo"}, "model": "movies.director", "pk": 77}, {"fields": {"name": "Jerome Robbins"}, "model": "movies.director", "pk": 78}, {"fields": {"name": "Jerry Paris"}, "model": "movies.director", "pk": 79}, {"fields": {"name": "Jim Sharman"}, "model": "movies.director", "pk": 80}, {"fields": {"name": "John Badham"}, "model": "movies.director", "pk": 81}, {"fields": {"name": "John Boorman"}, "model": "movies.director", "pk": 82}, {"fields": {"name": "John Brahm"}, "model": "movies.director", "pk": 83}, {"fields": {"name": "John Carpenter"}, "model": "movies.director", "pk": 84}, {"fields": {"name": "John Cromwell"}, "model": "movies.director", "pk": 85}, {"fields": {"name": "John Ford"}, "model": "movies.director", "pk": 86}, {"fields": {"name": "John G. Avildsen"}, "model": "movies.director", "pk": 87}, {"fields": {"name": "John Huston"}, "model": "movies.director", "pk": 88}, {"fields": {"name": "John Landis"}, "model": "movies.director", "pk": 89}, {"fields": {"name": "John McTiernan"}, "model": "movies.director", "pk": 90}, {"fields": {"name": "John Moffitt"}, "model": "movies.director", "pk": 91}, {"fields": {"name": "John Nicolella"}, "model": "movies.director", "pk": 92}, {"fields": {"name": "John Sturges"}, "model": "movies.director", "pk": 93}, {"fields": {"name": "Jonathan Demme"}, "model": "movies.director", "pk": 94}, {"fields": {"name": "Josef von Sternberg"}, "model": "movies.director", "pk": 95}, {"fields": {"name": "Joseph Barbera"}, "model": "movies.director", "pk": 96}, {"fields": {"name": "Joseph C. Terry"}, "model": "movies.director", "pk": 97}, {"fields": {"name": "Joy Batchelor"}, "model": "movies.director", "pk": 98}, {"fields": {"name": "Karl Freund"}, "model": "movies.director", "pk": 99}, {"fields": {"name": "Kevin McCarthy"}, "model": "movies.director", "pk": 100}, {"fields": {"name": "Kim Manners"}, "model": "movies.director", "pk": 101}, {"fields": {"name": "L. Frank Baum"}, "model": "movies.director", "pk": 102}, {"fields": {"name": "Larry Semon"}, "model": "movies.director", "pk": 103}, {"fields": {"name": "Lee Sholem"}, "model": "movies.director", "pk": 104}, {"fields": {"name": "Leni Riefenstahl"}, "model": "movies.director", "pk": 105}, {"fields": {"name": "Leo McCarey"}, "model": "movies.director", "pk": 106}, {"fields": {"name": "Lewis Gilbert"}, "model": "movies.director", "pk": 107}, {"fields": {"name": "Lewis Milestone"}, "model": "movies.director", "pk": 108}, {"fields": {"name": "Lisa Simon"}, "model": "movies.director", "pk": 109}, {"fields": {"name": "Luis Bu1uel"}, "model": "movies.director", "pk": 110}, {"fields": {"name": "Luis el"}, "model": "movies.director", "pk": 111}, {"fields": {"name": "Marc Daniels"}, "model": "movies.director", "pk": 112}, {"fields": {"name": "Mark Kirkland"}, "model": "movies.director", "pk": 113}, {"fields": {"name": "Martin Scorsese"}, "model": "movies.director", "pk": 114}, {"fields": {"name": "Maurice Tourneur"}, "model": "movies.director", "pk": 115}, {"fields": {"name": "Maya Deren"}, "model": "movies.director", "pk": 116}, {"fields": {"name": "Merian C. Cooper"}, "model": "movies.director", "pk": 117}, {"fields": {"name": "Mervyn LeRoy"}, "model": "movies.director", "pk": 118}, {"fields": {"name": "Michael Curtiz"}, "model": "movies.director", "pk": 119}, {"fields": {"name": "Michael OHerlihy"}, "model": "movies.director", "pk": 120}, {"fields": {"name": "Mike Nichols"}, "model": "movies.director", "pk": 121}, {"fields": {"name": "Milos Forman"}, "model": "movies.director", "pk": 122}, {"fields": {"name": "Nicholas Ray"}, "model": "movies.director", "pk": 123}, {"fields": {"name": "Norman Ferguson"}, "model": "movies.director", "pk": 124}, {"fields": {"name": "Norman Tokar"}, "model": "movies.director", "pk": 125}, {"fields": {"name": "Orson Welles"}, "model": "movies.director", "pk": 126}, {"fields": {"name": "Oscar Rudolph"}, "model": "movies.director", "pk": 127}, {"fields": {"name": "Otto Preminger"}, "model": "movies.director", "pk": 128}, {"fields": {"name": "Peter Harris"}, "model": "movies.director", "pk": 129}, {"fields": {"name": "Peter Jackson"}, "model": "movies.director", "pk": 130}, {"fields": {"name": "Phil Karlson"}, "model": "movies.director", "pk": 131}, {"fields": {"name": "Quentin Tarantino"}, "model": "movies.director", "pk": 132}, {"fields": {"name": "Randal Kleiser"}, "model": "movies.director", "pk": 133}, {"fields": {"name": "Ray Enright"}, "model": "movies.director", "pk": 134}, {"fields": {"name": "Richard Donner"}, "model": "movies.director", "pk": 135}, {"fields": {"name": "Richard Fleischer"}, "model": "movies.director", "pk": 136}, {"fields": {"name": "Richard Marquand"}, "model": "movies.director", "pk": 137}, {"fields": {"name": "Ridley Scott"}, "model": "movies.director", "pk": 138}, {"fields": {"name": "Rob Klug"}, "model": "movies.director", "pk": 139}, {"fields": {"name": "Rob Reiner"}, "model": "movies.director", "pk": 140}, {"fields": {"name": "Robert Clouse"}, "model": "movies.director", "pk": 141}, {"fields": {"name": "Robert Stevenson"}, "model": "movies.director", "pk": 142}, {"fields": {"name": "Robert Wise"}, "model": "movies.director", "pk": 143}, {"fields": {"name": "Robert Zemeckis"}, "model": "movies.director", "pk": 144}, {"fields": {"name": "Roger Allers"}, "model": "movies.director", "pk": 145}, {"fields": {"name": "Roman Polanski"}, "model": "movies.director", "pk": 146}, {"fields": {"name": "Sam Peckinpah"}, "model": "movies.director", "pk": 147}, {"fields": {"name": "Sam Raimi"}, "model": "movies.director", "pk": 148}, {"fields": {"name": "Samuel Armstrong"}, "model": "movies.director", "pk": 149}, {"fields": {"name": "Samuel Fuller"}, "model": "movies.director", "pk": 150}, {"fields": {"name": "Sean S. Cunningham"}, "model": "movies.director", "pk": 151}, {"fields": {"name": "Sergei M. Eisenstein"}, "model": "movies.director", "pk": 152}, {"fields": {"name": "Sergio Leone"}, "model": "movies.director", "pk": 153}, {"fields": {"name": "Stanley Donen"}, "model": "movies.director", "pk": 154}, {"fields": {"name": "Stanley Kramer"}, "model": "movies.director", "pk": 155}, {"fields": {"name": "Stanley Kubrick"}, "model": "movies.director", "pk": 156}, {"fields": {"name": "Steven Soderbergh"}, "model": "movies.director", "pk": 157}, {"fields": {"name": "Steven Spielberg"}, "model": "movies.director", "pk": 158}, {"fields": {"name": "Ted Kotcheff"}, "model": "movies.director", "pk": 159}, {"fields": {"name": "Terence Young"}, "model": "movies.director", "pk": 160}, {"fields": {"name": "Tim Burton"}, "model": "movies.director", "pk": 161}, {"fields": {"name": "Tobe Hooper"}, "model": "movies.director", "pk": 162}, {"fields": {"name": "Tod Browning"}, "model": "movies.director", "pk": 163}, {"fields": {"name": "Tony Scott"}, "model": "movies.director", "pk": 164}, {"fields": {"name": "Victor Fleming"}, "model": "movies.director", "pk": 165}, {"fields": {"name": "W.S. Van Dyke"}, "model": "movies.director", "pk": 166}, {"fields": {"name": "Walt Disney"}, "model": "movies.director", "pk": 167}, {"fields": {"name": "Walter Grauman"}, "model": "movies.director", "pk": 168}, {"fields": {"name": "Wes Craven"}, "model": "movies.director", "pk": 169}, {"fields": {"name": "William A. Wellman"}, "model": "movies.director", "pk": 170}, {"fields": {"name": "William Asher"}, "model": "movies.director", "pk": 171}, {"fields": {"name": "William Cottrell"}, "model": "movies.director", "pk": 172}, {"fields": {"name": "William F. Claxton"}, "model": "movies.director", "pk": 173}, {"fields": {"name": "William Friedkin"}, "model": "movies.director", "pk": 174}, {"fields": {"name": "William Wyler"}, "model": "movies.director", "pk": 175}, {"fields": {"name": "Winsor McCay"}, "model": "movies.director", "pk": 176}, {"fields": {"name": "Yevgeni Bauer"}, "model": "movies.director", "pk": 177}, {"fields": {"director": 165, "genre": [3, 10, 11, 17], "popularity_99": 83, "name": "The Wizard of Oz", "imdb_score": "8.3"}, "model": "movies.movie", "pk": 1}, {"fields": {"director": 52, "genre": [1, 3, 11, 22], "popularity_99": 88, "name": "Star Wars", "imdb_score": "8.8"}, "model": "movies.movie", "pk": 2}, {"fields": {"director": 58, "genre": [3, 9, 27], "popularity_99": 66, "name": "Cabiria", "imdb_score": "6.6"}, "model": "movies.movie", "pk": 3}, {"fields": {"director": 4, "genre": [15, 18, 26], "popularity_99": 87, "name": "Psycho", "imdb_score": "8.7"}, "model": "movies.movie", "pk": 4}, {"fields": {"director": 117, "genre": [3, 11, 15], "popularity_99": 80, "name": "King Kong", "imdb_score": "8.0"}, "model": "movies.movie", "pk": 5}, {"fields": {"director": 49, "genre": [3, 9, 22], "popularity_99": 84, "name": "Metropolis", "imdb_score": "8.4"}, "model": "movies.movie", "pk": 6}, {"fields": {"director": 112, "genre": [3, 22], "popularity_99": 86, "name": "Star Trek", "imdb_score": "8.6"}, "model": "movies.movie", "pk": 7}, {"fields": {"director": 119, "genre": [9, 21, 27], "popularity_99": 88, "name": "Casablanca", "imdb_score": "8.8"}, "model": "movies.movie", "pk": 8}, {"fields": {"director": 172, "genre": [4, 10, 11, 17, 21], "popularity_99": 79, "name": "Snow White and the Seven Dwarfs", "imdb_score": "7.9"}, "model": "movies.movie", "pk": 9}, {"fields": {"director": 156, "genre": [3, 18, 22], "popularity_99": 84, "name": "2001 : A Space Odyssey", "imdb_score": "8.4"}, "model": "movies.movie", "pk": 10}, {"fields": {"director": 44, "genre": [7, 9], "popularity_99": 92, "name": "The Godfather", "imdb_score": "9.2"}, "model": "movies.movie", "pk": 11}, {"fields": {"director": 27, "genre": [9, 14, 21, 27, 28], "popularity_99": 71, "name": "The Birth of a Nation", "imdb_score": "7.1"}, "model": "movies.movie", "pk": 12}, {"fields": {"director": 4, "genre": [7, 12, 18, 26], "popularity_99": 81, "name": "Shadow of a Doubt", "imdb_score": "8.1"}, "model": "movies.movie", "pk": 13}, {"fields": {"director": 158, "genre": [26], "popularity_99": 83, "name": "Jaws", "imdb_score": "8.3"}, "model": "movies.movie", "pk": 14}, {"fields": {"director": 69, "genre": [11, 21], "popularity_99": 64, "name": "Snow White", "imdb_score": "6.4"}, "model": "movies.movie", "pk": 15}, {"fields": {"director": 44, "genre": [9, 27], "popularity_99": 86, "name": "Apocalypse Now", "imdb_score": "8.6"}, "model": "movies.movie", "pk": 16}, {"fields": {"director": 165, "genre": [9, 21, 27], "popularity_99": 82, "name": "Gone with the Wind", "imdb_score": "8.2"}, "model": "movies.movie", "pk": 17}, {"fields": {"director": 41, "genre": [6, 17, 21], "popularity_99": 76, "name": "The Merry Widow", "imdb_score": "7.6"}, "model": "movies.movie", "pk": 18}, {"fields": {"director": 86, "genre": [3, 9, 28], "popularity_99": 81, "name": "The Searchers", "imdb_score": "8.1"}, "model": "movies.movie", "pk": 19}, {"fields": {"director": 4, "genre": [7, 18, 21, 26], "popularity_99": 86, "name": "Vertigo", "imdb_score": "8.6"}, "model": "movies.movie", "pk": 20}, {"fields": {"director": 160, "genre": [1, 3, 26], "popularity_99": 73, "name": "Dr. No", "imdb_score": "7.3"}, "model": "movies.movie", "pk": 21}, {"fields": {"director": 126, "genre": [7, 12, 26], "popularity_99": 83, "name": "Touch of Evil", "imdb_score": "8.3"}, "model": "movies.movie", "pk": 22}, {"fields": {"director": 117, "genre": [3, 8], "popularity_99": 74, "name": "Chang : A Drama of the Wilderness", "imdb_score": "7.4"}, "model": "movies.movie", "pk": 23}, {"fields": {"director": 174, "genre": [15], "popularity_99": 81, "name": "The Exorcist", "imdb_score": "8.1"}, "model": "movies.movie", "pk": 24}, {"fields": {"director": 126, "genre": [9, 18], "popularity_99": 86, "name": "Citizen Kane", "imdb_score": "8.6"}, "model": "movies.movie", "pk": 25}, {"fields": {"director": 72, "genre": [1, 22, 26], "popularity_99": 81, "name": "The Terminator", "imdb_score": "8.1"}, "model": "movies.movie", "pk": 26}, {"fields": {"director": 146, "genre": [9, 15, 18], "popularity_99": 81, "name": "Rosemarys Baby", "imdb_score": "8.1"}, "model": "movies.movie", "pk": 27}, {"fields": {"director": 152, "genre": [9, 14, 27], "popularity_99": 81, "name": "Bronenosets Potyomkin", "imdb_score": "8.1"}, "model": "movies.movie", "pk": 28}, {"fields": {"director": 66, "genre": [1, 3, 22], "popularity_99": 88, "name": "Star Wars : Episode V - The Empire Strikes Back", "imdb_score": "8.8"}, "model": "movies.movie", "pk": 29}, {"fields": {"director": 62, "genre": [3, 11, 15, 22, 26], "popularity_99": 71, "name": "The Lost World", "imdb_score": "7.1"}, "model": "movies.movie", "pk": 30}, {"fields": {"director": 156, "genre": [7, 9, 22], "popularity_99": 85, "name": "A Clockwork Orange", "imdb_score": "8.5"}, "model": "movies.movie", "pk": 31}, {"fields": {"director": 75, "genre": [9, 15, 22], "popularity_99": 80, "name": "Frankenstein", "imdb_score": "8.0"}, "model": "movies.movie", "pk": 32}, {"fields": {"director": 109, "genre": [4, 6, 10, 11, 16], "popularity_99": 85, "name": "Sesame Street", "imdb_score": "8.5"}, "model": "movies.movie", "pk": 33}, {"fields": {"director": 76, "genre": [9, 27], "popularity_99": 82, "name": "La grande illusion", "imdb_score": "8.2"}, "model": "movies.movie", "pk": 34}, {"fields": {"director": 158, "genre": [1, 3], "popularity_99": 87, "name": "Raiders of the Lost Ark", "imdb_score": "8.7"}, "model": "movies.movie", "pk": 35}, {"fields": {"director": 50, "genre": [15, 18], "popularity_99": 80, "name": "Night of the Living Dead", "imdb_score": "8.0"}, "model": "movies.movie", "pk": 36}, {"fields": {"director": 103, "genre": [3, 6, 10, 11], "popularity_99": 53, "name": "The Wizard of Oz", "imdb_score": "5.3"}, "model": "movies.movie", "pk": 37}, {"fields": {"director": 52, "genre": [9, 18, 22, 26], "popularity_99": 68, "name": "THX 1138", "imdb_score": "6.8"}, "model": "movies.movie", "pk": 38}, {"fields": {"director": 158, "genre": [3, 9, 10, 11, 22], "popularity_99": 79, "name": "E.T. : The Extra-Terrestrial", "imdb_score": "7.9"}, "model": "movies.movie", "pk": 39}, {"fields": {"director": 115, "genre": [6, 9], "popularity_99": 69, "name": "The Poor Little Rich Girl", "imdb_score": "6.9"}, "model": "movies.movie", "pk": 40}, {"fields": {"director": 73, "genre": [3, 6, 23], "popularity_99": 46, "name": "The Tin Man", "imdb_score": "4.6"}, "model": "movies.movie", "pk": 41}, {"fields": {"director": 114, "genre": [9, 26], "popularity_99": 86, "name": "Taxi Driver", "imdb_score": "8.6"}, "model": "movies.movie", "pk": 42}, {"fields": {"director": 153, "genre": [3, 28], "popularity_99": 90, "name": "Il buono, il brutto, il cattivo.", "imdb_score": "9.0"}, "model": "movies.movie", "pk": 43}, {"fields": {"director": 27, "genre": [1, 23, 28], "popularity_99": 66, "name": "The Battle at Elderbush Gulch", "imdb_score": "6.6"}, "model": "movies.movie", "pk": 44}, {"fields": {"director": 154, "genre": [6, 17, 21], "popularity_99": 84, "name": "Singin in the Rain", "imdb_score": "8.4"}, "model": "movies.movie", "pk": 45}, {"fields": {"director": 39, "genre": [7, 9, 21], "popularity_99": 84, "name": "On the Waterfront", "imdb_score": "8.4"}, "model": "movies.movie", "pk": 46}, {"fields": {"director": 25, "genre": [1, 6, 21, 27], "popularity_99": 84, "name": "The General", "imdb_score": "8.4"}, "model": "movies.movie", "pk": 47}, {"fields": {"director": 68, "genre": [3, 11, 18], "popularity_99": 78, "name": "Ghost Busters", "imdb_score": "7.8"}, "model": "movies.movie", "pk": 48}, {"fields": {"director": 166, "genre": [1, 3, 21], "popularity_99": 71, "name": "Tarzan the Ape Man", "imdb_score": "7.1"}, "model": "movies.movie", "pk": 49}, {"fields": {"director": 102, "genre": [3, 6, 10, 11], "popularity_99": 60, "name": "His Majesty, the Scarecrow of Oz", "imdb_score": "6.0"}, "model": "movies.movie", "pk": 50}, {"fields": {"director": 83, "genre": [9, 11, 18, 22, 26], "popularity_99": 95, "name": "The Twilight Zone", "imdb_score": "9.5"}, "model": "movies.movie", "pk": 51}, {"fields": {"director": 38, "genre": [23, 28], "popularity_99": 75, "name": "The Great Train Robbery", "imdb_score": "7.5"}, "model": "movies.movie", "pk": 52}, {"fields": {"director": 61, "genre": [1, 3, 26], "popularity_99": 79, "name": "Goldfinger", "imdb_score": "7.9"}, "model": "movies.movie", "pk": 53}, {"fields": {"director": 43, "genre": [6, 9], "popularity_99": 81, "name": "La dolce vita", "imdb_score": "8.1"}, "model": "movies.movie", "pk": 54}, {"fields": {"director": 138, "genre": [3, 15, 22, 26], "popularity_99": 85, "name": "Alien", "imdb_score": "8.5"}, "model": "movies.movie", "pk": 55}, {"fields": {"director": 42, "genre": [11, 15], "popularity_99": 81, "name": "Nosferatu, eine Symphonie des Grauens", "imdb_score": "8.1"}, "model": "movies.movie", "pk": 56}, {"fields": {"director": 156, "genre": [15, 18], "popularity_99": 85, "name": "The Shining", "imdb_score": "8.5"}, "model": "movies.movie", "pk": 57}, {"fields": {"director": 156, "genre": [6, 9], "popularity_99": 86, "name": "Dr. Strangelove or : How I Learned to Stop Worrying and Love the Bomb", "imdb_score": "8.6"}, "model": "movies.movie", "pk": 58}, {"fields": {"director": 14, "genre": [7, 9, 26], "popularity_99": 82, "name": "Scarface", "imdb_score": "8.2"}, "model": "movies.movie", "pk": 59}, {"fields": {"director": 87, "genre": [9, 21, 24], "popularity_99": 81, "name": "Rocky", "imdb_score": "8.1"}, "model": "movies.movie", "pk": 60}, {"fields": {"director": 113, "genre": [4, 6], "popularity_99": 90, "name": "The Simpsons", "imdb_score": "9.0"}, "model": "movies.movie", "pk": 61}, {"fields": {"director": 110, "genre": [11, 23], "popularity_99": 80, "name": "Un chien andalou", "imdb_score": "8.0"}, "model": "movies.movie", "pk": 62}, {"fields": {"director": 163, "genre": [11, 15], "popularity_99": 77, "name": "Dracula", "imdb_score": "7.7"}, "model": "movies.movie", "pk": 63}, {"fields": {"director": 159, "genre": [1, 3, 9, 26], "popularity_99": 75, "name": "First Blood", "imdb_score": "7.5"}, "model": "movies.movie", "pk": 64}, {"fields": {"director": 96, "genre": [4, 6, 10], "popularity_99": 80, "name": "The Flintstones", "imdb_score": "8.0"}, "model": "movies.movie", "pk": 65}, {"fields": {"director": 127, "genre": [1, 3, 6, 7, 10, 11, 18, 22], "popularity_99": 77, "name": "Batman", "imdb_score": "7.7"}, "model": "movies.movie", "pk": 66}, {"fields": {"director": 86, "genre": [3, 27], "popularity_99": 70, "name": "The Lost Patrol", "imdb_score": "7.0"}, "model": "movies.movie", "pk": 67}, {"fields": {"director": 118, "genre": [7, 9, 12], "popularity_99": 81, "name": "I Am a Fugitive from a Chain Gang", "imdb_score": "8.1"}, "model": "movies.movie", "pk": 68}, {"fields": {"director": 144, "genre": [3, 10, 22], "popularity_99": 84, "name": "Back to the Future", "imdb_score": "8.4"}, "model": "movies.movie", "pk": 69}, {"fields": {"director": 82, "genre": [3, 9, 26], "popularity_99": 79, "name": "Deliverance", "imdb_score": "7.9"}, "model": "movies.movie", "pk": 70}, {"fields": {"director": 4, "genre": [18, 21, 26], "popularity_99": 84, "name": "Rebecca", "imdb_score": "8.4"}, "model": "movies.movie", "pk": 71}, {"fields": {"director": 36, "genre": [6, 10, 23], "popularity_99": 80, "name": "The Scarecrow", "imdb_score": "8.0"}, "model": "movies.movie", "pk": 72}, {"fields": {"director": 162, "genre": [15, 18, 26], "popularity_99": 75, "name": "The Texas Chain Saw Massacre", "imdb_score": "7.5"}, "model": "movies.movie", "pk": 73}, {"fields": {"director": 30, "genre": [3, 9, 27], "popularity_99": 84, "name": "The Bridge on the River Kwai", "imdb_score": "8.4"}, "model": "movies.movie", "pk": 74}, {"fields": {"director": 45, "genre": [9, 11, 21], "popularity_99": 87, "name": "Its a Wonderful Life", "imdb_score": "8.7"}, "model": "movies.movie", "pk": 75}, {"fields": {"director": 157, "genre": [9], "popularity_99": 71, "name": "Sex, Lies, and Videotape", "imdb_score": "7.1"}, "model": "movies.movie", "pk": 76}, {"fields": {"director": 33, "genre": [1, 7, 26], "popularity_99": 79, "name": "Dirty Harry", "imdb_score": "7.9"}, "model": "movies.movie", "pk": 77}, {"fields": {"director": 51, "genre": [9, 10, 17, 21], "popularity_99": 79, "name": "My Fair Lady", "imdb_score": "7.9"}, "model": "movies.movie", "pk": 78}, {"fields": {"director": 149, "genre": [4, 10, 17], "popularity_99": 75, "name": "Dumbo", "imdb_score": "7.5"}, "model": "movies.movie", "pk": 79}, {"fields": {"director": 4, "genre": [15, 21, 26], "popularity_99": 79, "name": "The Birds", "imdb_score": "7.9"}, "model": "movies.movie", "pk": 80}, {"fields": {"director": 74, "genre": [6, 9, 24], "popularity_99": 72, "name": "College", "imdb_score": "7.2"}, "model": "movies.movie", "pk": 81}, {"fields": {"director": 72, "genre": [9, 14, 21], "popularity_99": 74, "name": "Titanic", "imdb_score": "7.4"}, "model": "movies.movie", "pk": 82}, {"fields": {"director": 175, "genre": [1, 3, 9, 14, 21], "popularity_99": 82, "name": "Ben-Hur", "imdb_score": "8.2"}, "model": "movies.movie", "pk": 83}, {"fields": {"director": 132, "genre": [7, 9], "popularity_99": 90, "name": "Pulp Fiction", "imdb_score": "9.0"}, "model": "movies.movie", "pk": 84}, {"fields": {"director": 4, "genre": [7, 18, 21, 26], "popularity_99": 87, "name": "Rear Window", "imdb_score": "8.7"}, "model": "movies.movie", "pk": 85}, {"fields": {"director": 72, "genre": [1, 22, 26], "popularity_99": 85, "name": "Aliens", "imdb_score": "8.5"}, "model": "movies.movie", "pk": 86}, {"fields": {"director": 85, "genre": [9, 18, 21], "popularity_99": 70, "name": "Algiers", "imdb_score": "7.0"}, "model": "movies.movie", "pk": 87}, {"fields": {"director": 40, "genre": [9], "popularity_99": 81, "name": "Greed", "imdb_score": "8.1"}, "model": "movies.movie", "pk": 88}, {"fields": {"director": 94, "genre": [7, 26], "popularity_99": 87, "name": "The Silence of the Lambs", "imdb_score": "8.7"}, "model": "movies.movie", "pk": 89}, {"fields": {"director": 21, "genre": [6, 9, 10, 21], "popularity_99": 79, "name": "The Circus", "imdb_score": "7.9"}, "model": "movies.movie", "pk": 90}, {"fields": {"director": 101, "genre": [9, 18, 22, 26], "popularity_99": 90, "name": "The X Files", "imdb_score": "9.0"}, "model": "movies.movie", "pk": 91}, {"fields": {"director": 72, "genre": [1, 22, 26], "popularity_99": 85, "name": "Terminator 2 : Judgment Day", "imdb_score": "8.5"}, "model": "movies.movie", "pk": 92}, {"fields": {"director": 97, "genre": [25], "popularity_99": 60, "name": "The Oprah Winfrey Show", "imdb_score": "6.0"}, "model": "movies.movie", "pk": 93}, {"fields": {"director": 121, "genre": [6, 9, 21], "popularity_99": 82, "name": "The Graduate", "imdb_score": "8.2"}, "model": "movies.movie", "pk": 94}, {"fields": {"director": 63, "genre": [6, 23], "popularity_99": 55, "name": "The Bangville Police", "imdb_score": "5.5"}, "model": "movies.movie", "pk": 95}, {"fields": {"director": 5, "genre": [1, 3, 22], "popularity_99": 87, "name": "The Matrix", "imdb_score": "8.7"}, "model": "movies.movie", "pk": 96}, {"fields": {"director": 127, "genre": [6, 10], "popularity_99": 70, "name": "The Brady Bunch", "imdb_score": "7.0"}, "model": "movies.movie", "pk": 97}, {"fields": {"director": 30, "genre": [3, 5, 9, 14, 27], "popularity_99": 85, "name": "Lawrence of Arabia", "imdb_score": "8.5"}, "model": "movies.movie", "pk": 98}, {"fields": {"director": 169, "genre": [15, 18], "popularity_99": 74, "name": "A Nightmare on Elm Street", "imdb_score": "7.4"}, "model": "movies.movie", "pk": 99}, {"fields": {"director": 54, "genre": [6, 9], "popularity_99": 78, "name": "Pygmalion", "imdb_score": "7.8"}, "model": "movies.movie", "pk": 100}, {"fields": {"director": 4, "genre": [3, 9, 18, 21, 26], "popularity_99": 86, "name": "North by Northwest", "imdb_score": "8.6"}, "model": "movies.movie", "pk": 101}, {"fields": {"director": 143, "genre": [5, 9, 10, 17], "popularity_99": 79, "name": "The Sound of Music", "imdb_score": "7.9"}, "model": "movies.movie", "pk": 102}, {"fields": {"director": 70, "genre": [6, 10], "popularity_99": 78, "name": "Gilligans Island", "imdb_score": "7.8"}, "model": "movies.movie", "pk": 103}, {"fields": {"director": 71, "genre": [4, 9, 10], "popularity_99": 76, "name": "Bambi", "imdb_score": "7.6"}, "model": "movies.movie", "pk": 104}, {"fields": {"director": 78, "genre": [7, 9, 17, 21], "popularity_99": 78, "name": "West Side Story", "imdb_score": "7.8"}, "model": "movies.movie", "pk": 105}, {"fields": {"director": 48, "genre": [9, 21, 27], "popularity_99": 79, "name": "From Here to Eternity", "imdb_score": "7.9"}, "model": "movies.movie", "pk": 106}, {"fields": {"director": 84, "genre": [15, 26], "popularity_99": 79, "name": "Halloween", "imdb_score": "7.9"}, "model": "movies.movie", "pk": 107}, {"fields": {"director": 171, "genre": [6, 10], "popularity_99": 90, "name": "I Love Lucy", "imdb_score": "9.0"}, "model": "movies.movie", "pk": 108}, {"fields": {"director": 99, "genre": [15, 21], "popularity_99": 74, "name": "Mad Love", "imdb_score": "7.4"}, "model": "movies.movie", "pk": 109}, {"fields": {"director": 138, "genre": [9, 22, 26], "popularity_99": 83, "name": "Blade Runner", "imdb_score": "8.3"}, "model": "movies.movie", "pk": 110}, {"fields": {"director": 142, "genre": [6, 10, 11, 17], "popularity_99": 77, "name": "Mary Poppins", "imdb_score": "7.7"}, "model": "movies.movie", "pk": 111}, {"fields": {"director": 137, "genre": [1, 3, 11, 22], "popularity_99": 83, "name": "Star Wars : Episode VI - Return of the Jedi", "imdb_score": "8.3"}, "model": "movies.movie", "pk": 112}, {"fields": {"director": 158, "genre": [9, 22], "popularity_99": 78, "name": "Close Encounters of the Third Kind", "imdb_score": "7.8"}, "model": "movies.movie", "pk": 113}, {"fields": {"director": 2, "genre": [3, 9], "popularity_99": 88, "name": "Shichinin no samurai", "imdb_score": "8.8"}, "model": "movies.movie", "pk": 114}, {"fields": {"director": 75, "genre": [15, 22], "popularity_99": 80, "name": "Bride of Frankenstein", "imdb_score": "8.0"}, "model": "movies.movie", "pk": 115}, {"fields": {"director": 88, "genre": [1, 3, 9, 28], "popularity_99": 85, "name": "The Treasure of the Sierra Madre", "imdb_score": "8.5"}, "model": "movies.movie", "pk": 116}, {"fields": {"director": 131, "genre": [7, 9, 12], "popularity_99": 60, "name": "5 Against the House", "imdb_score": "6.0"}, "model": "movies.movie", "pk": 117}, {"fields": {"director": 2, "genre": [9, 14, 27], "popularity_99": 79, "name": "Kagemusha", "imdb_score": "7.9"}, "model": "movies.movie", "pk": 118}, {"fields": {"director": 27, "genre": [9, 23], "popularity_99": 47, "name": "His Trust Fulfilled", "imdb_score": "4.7"}, "model": "movies.movie", "pk": 119}, {"fields": {"director": 27, "genre": [9, 23, 27], "popularity_99": 53, "name": "His Trust", "imdb_score": "5.3"}, "model": "movies.movie", "pk": 120}, {"fields": {"director": 67, "genre": [9, 15, 22, 26], "popularity_99": 73, "name": "Gojira", "imdb_score": "7.3"}, "model": "movies.movie", "pk": 121}, {"fields": {"director": 156, "genre": [1, 3, 5, 9, 14], "popularity_99": 80, "name": "Spartacus", "imdb_score": "8.0"}, "model": "movies.movie", "pk": 122}, {"fields": {"director": 176, "genre": [4, 23], "popularity_99": 71, "name": "Dreams of the Rarebit Fiend : The Pet", "imdb_score": "7.1"}, "model": "movies.movie", "pk": 123}, {"fields": {"director": 88, "genre": [7, 12, 18], "popularity_99": 84, "name": "The Maltese Falcon", "imdb_score": "8.4"}, "model": "movies.movie", "pk": 124}, {"fields": {"director": 47, "genre": [3, 18, 22], "popularity_99": 80, "name": "Planet of the Apes", "imdb_score": "8.0"}, "model": "movies.movie", "pk": 125}, {"fields": {"director": 46, "genre": [3, 9, 21], "popularity_99": 72, "name": "The Sea Hawk", "imdb_score": "7.2"}, "model": "movies.movie", "pk": 126}, {"fields": {"director": 108, "genre": [1, 9, 14, 27], "popularity_99": 82, "name": "All Quiet on the Western Front", "imdb_score": "8.2"}, "model": "movies.movie", "pk": 127}, {"fields": {"director": 18, "genre": [11, 15], "popularity_99": 74, "name": "Der Golem, wie er in die Welt kam", "imdb_score": "7.4"}, "model": "movies.movie", "pk": 128}, {"fields": {"director": 59, "genre": [1, 3, 6, 22], "popularity_99": 59, "name": "In Like Flint", "imdb_score": "5.9"}, "model": "movies.movie", "pk": 129}, {"fields": {"director": 106, "genre": [9, 10], "popularity_99": 74, "name": "The Bells of St. Marys", "imdb_score": "7.4"}, "model": "movies.movie", "pk": 130}, {"fields": {"director": 158, "genre": [18, 26], "popularity_99": 77, "name": "Duel", "imdb_score": "7.7"}, "model": "movies.movie", "pk": 131}, {"fields": {"director": 152, "genre": [9], "popularity_99": 78, "name": "Stachka", "imdb_score": "7.8"}, "model": "movies.movie", "pk": 132}, {"fields": {"director": 48, "genre": [17, 21, 28], "popularity_99": 71, "name": "Oklahoma!", "imdb_score": "7.1"}, "model": "movies.movie", "pk": 133}, {"fields": {"director": 116, "genre": [23], "popularity_99": 74, "name": "At Land", "imdb_score": "7.4"}, "model": "movies.movie", "pk": 134}, {"fields": {"director": 158, "genre": [1, 3, 10, 22], "popularity_99": 79, "name": "Jurassic Park", "imdb_score": "7.9"}, "model": "movies.movie", "pk": 135}, {"fields": {"director": 86, "genre": [1, 9, 21, 28], "popularity_99": 79, "name": "Stagecoach", "imdb_score": "7.9"}, "model": "movies.movie", "pk": 136}, {"fields": {"director": 156, "genre": [7, 9, 27], "popularity_99": 86, "name": "Paths of Glory", "imdb_score": "8.6"}, "model": "movies.movie", "pk": 137}, {"fields": {"director": 79, "genre": [6, 10, 16], "popularity_99": 77, "name": "Happy Days", "imdb_score": "7.7"}, "model": "movies.movie", "pk": 138}, {"fields": {"director": 81, "genre": [9, 16, 21], "popularity_99": 68, "name": "Saturday Night Fever", "imdb_score": "6.8"}, "model": "movies.movie", "pk": 139}, {"fields": {"director": 51, "genre": [6, 21], "popularity_99": 81, "name": "The Philadelphia Story", "imdb_score": "8.1"}, "model": "movies.movie", "pk": 140}, {"fields": {"director": 43, "genre": [9, 11], "popularity_99": 82, "name": "8xe5", "imdb_score": "8.2"}, "model": "movies.movie", "pk": 141}, {"fields": {"director": 34, "genre": [3, 9, 22], "popularity_99": 86, "name": "Doctor Who", "imdb_score": "8.6"}, "model": "movies.movie", "pk": 142}, {"fields": {"director": 49, "genre": [7, 26], "popularity_99": 86, "name": "M", "imdb_score": "8.6"}, "model": "movies.movie", "pk": 143}, {"fields": {"director": 88, "genre": [3, 9], "popularity_99": 74, "name": "Moby Dick", "imdb_score": "7.4"}, "model": "movies.movie", "pk": 144}, {"fields": {"director": 14, "genre": [15, 26], "popularity_99": 74, "name": "Carrie", "imdb_score": "7.4"}, "model": "movies.movie", "pk": 145}, {"fields": {"director": 123, "genre": [9, 21], "popularity_99": 79, "name": "Rebel Without a Cause", "imdb_score": "7.9"}, "model": "movies.movie", "pk": 146}, {"fields": {"director": 135, "genre": [1, 3, 10, 22], "popularity_99": 73, "name": "Superman", "imdb_score": "7.3"}, "model": "movies.movie", "pk": 147}, {"fields": {"director": 129, "genre": [6, 10, 16], "popularity_99": 88, "name": "The Muppet Show", "imdb_score": "8.8"}, "model": "movies.movie", "pk": 148}, {"fields": {"director": 124, "genre": [4, 9, 10, 11, 16], "popularity_99": 77, "name": "Pinocchio", "imdb_score": "7.7"}, "model": "movies.movie", "pk": 149}, {"fields": {"director": 7, "genre": [23], "popularity_99": 75, "name": "21-87", "imdb_score": "7.5"}, "model": "movies.movie", "pk": 150}, {"fields": {"director": 96, "genre": [3, 4, 6, 10, 18], "popularity_99": 81, "name": "Scooby Doo, Where Are You!", "imdb_score": "8.1"}, "model": "movies.movie", "pk": 151}, {"fields": {"director": 98, "genre": [4, 9], "popularity_99": 71, "name": "Animal Farm", "imdb_score": "7.1"}, "model": "movies.movie", "pk": 152}, {"fields": {"director": 134, "genre": [6, 16, 21, 24], "popularity_99": 48, "name": "Swing Your Lady", "imdb_score": "4.8"}, "model": "movies.movie", "pk": 153}, {"fields": {"director": 55, "genre": [9, 28], "popularity_99": 78, "name": "Shane", "imdb_score": "7.8"}, "model": "movies.movie", "pk": 154}, {"fields": {"director": 87, "genre": [9, 10, 24], "popularity_99": 69, "name": "The Karate Kid", "imdb_score": "6.9"}, "model": "movies.movie", "pk": 155}, {"fields": {"director": 100, "genre": [13], "popularity_99": 86, "name": "Jeopardy!", "imdb_score": "8.6"}, "model": "movies.movie", "pk": 156}, {"fields": {"director": 125, "genre": [6, 10], "popularity_99": 82, "name": "Leave It to Beaver", "imdb_score": "8.2"}, "model": "movies.movie", "pk": 157}, {"fields": {"director": 8, "genre": [5, 7, 9, 21], "popularity_99": 80, "name": "Bonnie and Clyde", "imdb_score": "8.0"}, "model": "movies.movie", "pk": 158}, {"fields": {"director": 122, "genre": [9], "popularity_99": 89, "name": "One Flew Over the Cuckoos Nest", "imdb_score": "8.9"}, "model": "movies.movie", "pk": 159}, {"fields": {"director": 28, "genre": [6, 16], "popularity_99": 81, "name": "Saturday Night Live", "imdb_score": "8.1"}, "model": "movies.movie", "pk": 160}, {"fields": {"director": 153, "genre": [28], "popularity_99": 88, "name": "Cera una volta il West", "imdb_score": "8.8"}, "model": "movies.movie", "pk": 161}, {"fields": {"director": 42, "genre": [9, 21], "popularity_99": 84, "name": "Sunrise : A Song of Two Humans", "imdb_score": "8.4"}, "model": "movies.movie", "pk": 162}, {"fields": {"director": 145, "genre": [3, 4, 9, 10, 17], "popularity_99": 82, "name": "The Lion King", "imdb_score": "8.2"}, "model": "movies.movie", "pk": 163}, {"fields": {"director": 167, "genre": [4, 6, 10, 23], "popularity_99": 75, "name": "Plane Crazy", "imdb_score": "7.5"}, "model": "movies.movie", "pk": 164}, {"fields": {"director": 139, "genre": [8, 19], "popularity_99": 64, "name": "60 Minutes", "imdb_score": "6.4"}, "model": "movies.movie", "pk": 165}, {"fields": {"director": 156, "genre": [9, 21], "popularity_99": 77, "name": "Lolita", "imdb_score": "7.7"}, "model": "movies.movie", "pk": 166}, {"fields": {"director": 90, "genre": [1, 7, 26], "popularity_99": 83, "name": "Die Hard", "imdb_score": "8.3"}, "model": "movies.movie", "pk": 167}, {"fields": {"director": 128, "genre": [7, 12, 18, 21, 26], "popularity_99": 82, "name": "Laura", "imdb_score": "8.2"}, "model": "movies.movie", "pk": 168}, {"fields": {"director": 32, "genre": [7, 9], "popularity_99": 73, "name": "Easy Rider", "imdb_score": "7.3"}, "model": "movies.movie", "pk": 169}, {"fields": {"director": 33, "genre": [15, 22, 26], "popularity_99": 80, "name": "Invasion of the Body Snatchers", "imdb_score": "8.0"}, "model": "movies.movie", "pk": 170}, {"fields": {"director": 3, "genre": [9, 18, 21], "popularity_99": 78, "name": "Lanncca9e derniccacre ccca Marienbad", "imdb_score": "7.8"}, "model": "movies.movie", "pk": 171}, {"fields": {"director": 168, "genre": [9, 26], "popularity_99": 68, "name": "Lady in a Cage", "imdb_score": "6.8"}, "model": "movies.movie", "pk": 172}, {"fields": {"director": 148, "genre": [15], "popularity_99": 76, "name": "The Evil Dead", "imdb_score": "7.6"}, "model": "movies.movie", "pk": 173}, {"fields": {"director": 12, "genre": [6, 16, 25], "popularity_99": 83, "name": "The Tonight Show Starring Johnny Carson", "imdb_score": "8.3"}, "model": "movies.movie", "pk": 174}, {"fields": {"director": 164, "genre": [1, 9, 21], "popularity_99": 66, "name": "Top Gun", "imdb_score": "6.6"}, "model": "movies.movie", "pk": 175}, {"fields": {"director": 107, "genre": [1, 3, 22, 26], "popularity_99": 69, "name": "You Only Live Twice", "imdb_score": "6.9"}, "model": "movies.movie", "pk": 176}, {"fields": {"director": 160, "genre": [1, 3, 21, 26], "popularity_99": 75, "name": "From Russia with Love", "imdb_score": "7.5"}, "model": "movies.movie", "pk": 177}, {"fields": {"director": 64, "genre": [3, 10, 28], "popularity_99": 81, "name": "The Lone Ranger", "imdb_score": "8.1"}, "model": "movies.movie", "pk": 178}, {"fields": {"director": 57, "genre": [2, 6], "popularity_99": 52, "name": "Deep Throat", "imdb_score": "5.2"}, "model": "movies.movie", "pk": 179}, {"fields": {"director": 150, "genre": [9, 18], "popularity_99": 76, "name": "Shock Corridor", "imdb_score": "7.6"}, "model": "movies.movie", "pk": 180}, {"fields": {"director": 141, "genre": [1, 7, 9, 26], "popularity_99": 76, "name": "Enter the Dragon", "imdb_score": "7.6"}, "model": "movies.movie", "pk": 181}, {"fields": {"director": 93, "genre": [3, 9, 28], "popularity_99": 78, "name": "The Magnificent Seven", "imdb_score": "7.8"}, "model": "movies.movie", "pk": 182}, {"fields": {"director": 95, "genre": [7, 9], "popularity_99": 77, "name": "Underworld", "imdb_score": "7.7"}, "model": "movies.movie", "pk": 183}, {"fields": {"director": 86, "genre": [28], "popularity_99": 73, "name": "She Wore a Yellow Ribbon", "imdb_score": "7.3"}, "model": "movies.movie", "pk": 184}, {"fields": {"director": 35, "genre": [9, 26], "popularity_99": 67, "name": "Un dans la ville", "imdb_score": "6.7"}, "model": "movies.movie", "pk": 185}, {"fields": {"director": 161, "genre": [7, 9, 26], "popularity_99": 76, "name": "Batman", "imdb_score": "7.6"}, "model": "movies.movie", "pk": 186}, {"fields": {"director": 26, "genre": [4, 10, 11, 17, 21], "popularity_99": 74, "name": "Cinderella", "imdb_score": "7.4"}, "model": "movies.movie", "pk": 187}, {"fields": {"director": 104, "genre": [1, 3, 11, 21], "popularity_99": 55, "name": "Tarzans Magic Fountain", "imdb_score": "5.5"}, "model": "movies.movie", "pk": 188}, {"fields": {"director": 48, "genre": [9, 28], "popularity_99": 83, "name": "High Noon", "imdb_score": "8.3"}, "model": "movies.movie", "pk": 189}, {"fields": {"director": 105, "genre": [8, 27], "popularity_99": 77, "name": "Triumph des Willens", "imdb_score": "7.7"}, "model": "movies.movie", "pk": 190}, {"fields": {"director": 45, "genre": [9], "popularity_99": 84, "name": "Mr. Smith Goes to Washington", "imdb_score": "8.4"}, "model": "movies.movie", "pk": 191}, {"fields": {"director": 133, "genre": [17, 21], "popularity_99": 70, "name": "Grease", "imdb_score": "7.0"}, "model": "movies.movie", "pk": 192}, {"fields": {"director": 27, "genre": [9, 14, 21], "popularity_99": 81, "name": "Intolerance : Loves Struggle Throughout the Ages", "imdb_score": "8.1"}, "model": "movies.movie", "pk": 193}, {"fields": {"director": 132, "genre": [7, 18, 26], "popularity_99": 84, "name": "Reservoir Dogs", "imdb_score": "8.4"}, "model": "movies.movie", "pk": 194}, {"fields": {"director": 55, "genre": [9, 21], "popularity_99": 78, "name": "A Place in the Sun", "imdb_score": "7.8"}, "model": "movies.movie", "pk": 195}, {"fields": {"director": 19, "genre": [12, 18, 26], "popularity_99": 85, "name": "The Third Man", "imdb_score": "8.5"}, "model": "movies.movie", "pk": 196}, {"fields": {"director": 21, "genre": [3, 6, 10, 21, 28], "popularity_99": 83, "name": "The Gold Rush", "imdb_score": "8.3"}, "model": "movies.movie", "pk": 197}, {"fields": {"director": 20, "genre": [3, 9, 14], "popularity_99": 79, "name": "The Ten Commandments", "imdb_score": "7.9"}, "model": "movies.movie", "pk": 198}, {"fields": {"director": 86, "genre": [9, 28], "popularity_99": 79, "name": "My Darling Clementine", "imdb_score": "7.9"}, "model": "movies.movie", "pk": 199}, {"fields": {"director": 10, "genre": [9, 12], "popularity_99": 87, "name": "Sunset Blvd.", "imdb_score": "8.7"}, "model": "movies.movie", "pk": 200}, {"fields": {"director": 151, "genre": [15, 18, 26], "popularity_99": 63, "name": "Friday the 13th", "imdb_score": "6.3"}, "model": "movies.movie", "pk": 201}, {"fields": {"director": 93, "genre": [3, 9, 14, 27], "popularity_99": 83, "name": "The Great Escape", "imdb_score": "8.3"}, "model": "movies.movie", "pk": 202}, {"fields": {"director": 24, "genre": [7, 9, 21, 26], "popularity_99": 70, "name": "Play Misty for Me", "imdb_score": "7.0"}, "model": "movies.movie", "pk": 203}, {"fields": {"director": 17, "genre": [6, 9, 21, 24], "popularity_99": 73, "name": "Jerry Maguire", "imdb_score": "7.3"}, "model": "movies.movie", "pk": 204}, {"fields": {"director": 13, "genre": [7, 9, 12], "popularity_99": 73, "name": "The Enforcer", "imdb_score": "7.3"}, "model": "movies.movie", "pk": 205}, {"fields": {"director": 136, "genre": [3, 22], "popularity_99": 68, "name": "Fantastic Voyage", "imdb_score": "6.8"}, "model": "movies.movie", "pk": 206}, {"fields": {"director": 53, "genre": [3, 7, 9, 28], "popularity_99": 82, "name": "Butch Cassidy and the Sundance Kid", "imdb_score": "8.2"}, "model": "movies.movie", "pk": 207}, {"fields": {"director": 11, "genre": [6, 10], "popularity_99": 86, "name": "The Andy Griffith Show", "imdb_score": "8.6"}, "model": "movies.movie", "pk": 208}, {"fields": {"director": 89, "genre": [1, 6, 16, 17], "popularity_99": 79, "name": "The Blues Brothers", "imdb_score": "7.9"}, "model": "movies.movie", "pk": 209}, {"fields": {"director": 144, "genre": [9, 21], "popularity_99": 86, "name": "Forrest Gump", "imdb_score": "8.6"}, "model": "movies.movie", "pk": 210}, {"fields": {"director": 10, "genre": [6], "popularity_99": 84, "name": "Some Like It Hot", "imdb_score": "8.4"}, "model": "movies.movie", "pk": 211}, {"fields": {"director": 15, "genre": [13, 16, 20], "popularity_99": 48, "name": "American Idol : The Search for a Superstar", "imdb_score": "4.8"}, "model": "movies.movie", "pk": 212}, {"fields": {"director": 29, "genre": [9, 18, 26], "popularity_99": 88, "name": "Fight Club", "imdb_score": "8.8"}, "model": "movies.movie", "pk": 213}, {"fields": {"director": 70, "genre": [15, 22], "popularity_99": 51, "name": "Revenge of the Creature", "imdb_score": "5.1"}, "model": "movies.movie", "pk": 214}, {"fields": {"director": 146, "genre": [9, 18, 26], "popularity_99": 85, "name": "Chinatown", "imdb_score": "8.5"}, "model": "movies.movie", "pk": 215}, {"fields": {"director": 147, "genre": [1, 28], "popularity_99": 81, "name": "The Wild Bunch", "imdb_score": "8.1"}, "model": "movies.movie", "pk": 216}, {"fields": {"director": 130, "genre": [1, 3, 11], "popularity_99": 88, "name": "The Lord of the Rings : The Fellowship of the Ring", "imdb_score": "8.8"}, "model": "movies.movie", "pk": 217}, {"fields": {"director": 46, "genre": [3, 9, 14], "popularity_99": 79, "name": "Mutiny on the Bounty", "imdb_score": "7.9"}, "model": "movies.movie", "pk": 218}, {"fields": {"director": 111, "genre": [9, 21], "popularity_99": 78, "name": "El", "imdb_score": "7.8"}, "model": "movies.movie", "pk": 219}, {"fields": {"director": 156, "genre": [9, 27], "popularity_99": 84, "name": "Full Metal Jacket", "imdb_score": "8.4"}, "model": "movies.movie", "pk": 220}, {"fields": {"director": 155, "genre": [1, 3, 9, 21, 27], "popularity_99": 55, "name": "The Pride and the Passion", "imdb_score": "5.5"}, "model": "movies.movie", "pk": 221}, {"fields": {"director": 140, "genre": [6, 16], "popularity_99": 80, "name": "This Is Spinal Tap", "imdb_score": "8.0"}, "model": "movies.movie", "pk": 222}, {"fields": {"director": 6, "genre": [28], "popularity_99": 78, "name": "Winchester 73", "imdb_score": "7.8"}, "model": "movies.movie", "pk": 223}, {"fields": {"director": 23, "genre": [1, 3, 22], "popularity_99": 88, "name": "Star Trek : The Next Generation", "imdb_score": "8.8"}, "model": "movies.movie", "pk": 224}, {"fields": {"director": 22, "genre": [7, 9, 18], "popularity_99": 73, "name": "Kojak", "imdb_score": "7.3"}, "model": "movies.movie", "pk": 225}, {"fields": {"director": 177, "genre": [9, 23], "popularity_99": 74, "name": "Gryozy", "imdb_score": "7.4"}, "model": "movies.movie", "pk": 226}, {"fields": {"director": 60, "genre": [1, 3, 9], "popularity_99": 49, "name": "Baywatch", "imdb_score": "4.9"}, "model": "movies.movie", "pk": 227}, {"fields": {"director": 56, "genre": [1, 3, 4, 6, 7, 11, 15, 22], "popularity_99": 64, "name": "Heavy Metal", "imdb_score": "6.4"}, "model": "movies.movie", "pk": 228}, {"fields": {"director": 143, "genre": [9, 22, 26], "popularity_99": 80, "name": "The Day the Earth Stood Still", "imdb_score": "8.0"}, "model": "movies.movie", "pk": 229}, {"fields": {"director": 16, "genre": [4, 6, 10, 17, 23], "popularity_99": 77, "name": "Three Little Pigs", "imdb_score": "7.7"}, "model": "movies.movie", "pk": 230}, {"fields": {"director": 170, "genre": [1, 7, 9], "popularity_99": 78, "name": "The Public Enemy", "imdb_score": "7.8"}, "model": "movies.movie", "pk": 231}, {"fields": {"director": 80, "genre": [6, 17], "popularity_99": 71, "name": "The Rocky Horror Picture Show", "imdb_score": "7.1"}, "model": "movies.movie", "pk": 232}, {"fields": {"director": 9, "genre": [9], "popularity_99": 80, "name": "Rain Man", "imdb_score": "8.0"}, "model": "movies.movie", "pk": 233}, {"fields": {"director": 77, "genre": [9, 21], "popularity_99": 80, "name": "Latalante", "imdb_score": "8.0"}, "model": "movies.movie", "pk": 234}, {"fields": {"director": 65, "genre": [9, 11], "popularity_99": 82, "name": "Persona", "imdb_score": "8.2"}, "model": "movies.movie", "pk": 235}, {"fields": {"director": 50, "genre": [1, 15], "popularity_99": 80, "name": "Dawn of the Dead", "imdb_score": "8.0"}, "model": "movies.movie", "pk": 236}, {"fields": {"director": 173, "genre": [1, 6, 9, 21, 27, 28], "popularity_99": 74, "name": "Bonanza", "imdb_score": "7.4"}, "model": "movies.movie", "pk": 237}, {"fields": {"director": 1, "genre": [9, 26], "popularity_99": 68, "name": "Fatal Attraction", "imdb_score": "6.8"}, "model": "movies.movie", "pk": 238}, {"fields": {"director": 37, "genre": [15, 22], "popularity_99": 60, "name": "It! The Terror from Beyond Space", "imdb_score": "6.0"}, "model": "movies.movie", "pk": 239}, {"fields": {"director": 91, "genre": [6, 16], "popularity_99": 83, "name": "Toast of the Town", "imdb_score": "8.3"}, "model": "movies.movie", "pk": 240}, {"fields": {"director": 174, "genre": [1, 7, 26], "popularity_99": 79, "name": "The French Connection", "imdb_score": "7.9"}, "model": "movies.movie", "pk": 241}, {"fields": {"director": 26, "genre": [3, 4, 10, 11, 16], "popularity_99": 73, "name": "Peter Pan", "imdb_score": "7.3"}, "model": "movies.movie", "pk": 242}, {"fields": {"director": 92, "genre": [1, 7, 9, 26], "popularity_99": 78, "name": "Miami Vice", "imdb_score": "7.8"}, "model": "movies.movie", "pk": 243}, {"fields": {"director": 52, "genre": [1, 3, 11, 22], "popularity_99": 64, "name": "Star Wars : Episode I - The Phantom Menace", "imdb_score": "6.4"}, "model": "movies.movie", "pk": 244}, {"fields": {"director": 114, "genre": [7, 9, 26], "popularity_99": 88, "name": "Goodfellas", "imdb_score": "8.8"}, "model": "movies.movie", "pk": 245}, {"fields": {"director": 119, "genre": [9, 14], "popularity_99": 62, "name": "The Egyptian", "imdb_score": "6.2"}, "model": "movies.movie", "pk": 246}, {"fields": {"director": 120, "genre": [7, 9, 18], "popularity_99": 76, "name": "Hawaii Five-O", "imdb_score": "7.6"}, "model": "movies.movie", "pk": 247}, {"fields": {"director": 31, "genre": [1, 3, 7, 9, 18], "popularity_99": 66, "name": "Charlies Angels", "imdb_score": "6.6"}, "model": "movies.movie", "pk": 248}]