[{"fields": {"model": "logentry", "name": "log entry", "app_label": "admin"}, "model": "contenttypes.contenttype", "pk": 1}, {"fields": {"model": "permission", "name": "permission", "app_label": "auth"}, "model": "contenttypes.contenttype", "pk": 2}, {"fields": {"model": "group", "name": "group", "app_label": "auth"}, "model": "contenttypes.contenttype", "pk": 3}, {"fields": {"model": "user", "name": "user", "app_label": "auth"}, "model": "contenttypes.contenttype", "pk": 4}, {"fields": {"model": "contenttype", "name": "content type", "app_label": "contenttypes"}, "model": "contenttypes.contenttype", "pk": 5}, {"fields": {"model": "session", "name": "session", "app_label": "sessions"}, "model": "contenttypes.contenttype", "pk": 6}, {"fields": {"model": "apiaccess", "name": "api access", "app_label": "tastypie"}, "model": "contenttypes.contenttype", "pk": 7}, {"fields": {"model": "apikey", "name": "api key", "app_label": "tastypie"}, "model": "contenttypes.contenttype", "pk": 8}, {"fields": {"model": "genre", "name": "genre", "app_label": "movies"}, "model": "contenttypes.contenttype", "pk": 9}, {"fields": {"model": "director", "name": "director", "app_label": "movies"}, "model": "contenttypes.contenttype", "pk": 10}, {"fields": {"model": "movie", "name": "movie", "app_label": "movies"}, "model": "contenttypes.contenttype", "pk": 11}, {"fields": {"name": "Action"}, "model": "movies.genre", "pk": 1}, {"fields": {"name": "Adventure"}, "model": "movies.genre", "pk": 2}, {"fields": {"name": "Biography"}, "model": "movies.genre", "pk": 3}, {"fields": {"name": "Comedy"}, "model": "movies.genre", "pk": 4}, {"fields": {"name": "Crime"}, "model": "movies.genre", "pk": 5}, {"fields": {"name": "Documentary"}, "model": "movies.genre", "pk": 6}, {"fields": {"name": "Drama"}, "model": "movies.genre", "pk": 7}, {"fields": {"name": "Family"}, "model": "movies.genre", "pk": 8}, {"fields": {"name": "Fantasy"}, "model": "movies.genre", "pk": 9}, {"fields": {"name": "Film-Noir"}, "model": "movies.genre", "pk": 10}, {"fields": {"name": "History"}, "model": "movies.genre", "pk": 11}, {"fields": {"name": "Horror"}, "model": "movies.genre", "pk": 12}, {"fields": {"name": "Music"}, "model": "movies.genre", "pk": 13}, {"fields": {"name": "Musical"}, "model": "movies.genre", "pk": 14}, {"fields": {"name": "Mystery"}, "model": "movies.genre", "pk": 15}, {"fields": {"name": "News"}, "model": "movies.genre", "pk": 16}, {"fields": {"name": "Reality-TV"}, "model": "movies.genre", "pk": 17}, {"fields": {"name": "Romance"}, "model": "movies.genre", "pk": 18}, {"fields": {"name": "Sci-Fi"}, "model": "movies.genre", "pk": 19}, {"fields": {"name": "Short"}, "model": "movies.genre", "pk": 20}, {"fields": {"name": "Sport"}, "model": "movies.genre", "pk": 21}, {"fields": {"name": "Talk-Show"}, "model": "movies.genre", "pk": 22}, {"fields": {"name": "Thriller"}, "model": "movies.genre", "pk": 23}, {"fields": {"name": "War"}, "model": "movies.genre", "pk": 24}, {"fields": {"name": "Western"}, "model": "movies.genre", "pk": 25}, {"fields": {"name": "Action"}, "model": "movies.genre", "pk": 26}, {"fields": {"name": "Adult"}, "model": "movies.genre", "pk": 27}, {"fields": {"name": "Adventure"}, "model": "movies.genre", "pk": 28}, {"fields": {"name": "Animation"}, "model": "movies.genre", "pk": 29}, {"fields": {"name": "Biography"}, "model": "movies.genre", "pk": 30}, {"fields": {"name": "Comedy"}, "model": "movies.genre", "pk": 31}, {"fields": {"name": "Crime"}, "model": "movies.genre", "pk": 32}, {"fields": {"name": "Documentary"}, "model": "movies.genre", "pk": 33}, {"fields": {"name": "Drama"}, "model": "movies.genre", "pk": 34}, {"fields": {"name": "Family"}, "model": "movies.genre", "pk": 35}, {"fields": {"name": "Fantasy"}, "model": "movies.genre", "pk": 36}, {"fields": {"name": "Film-Noir"}, "model": "movies.genre", "pk": 37}, {"fields": {"name": "Game-Show"}, "model": "movies.genre", "pk": 38}, {"fields": {"name": "Horror"}, "model": "movies.genre", "pk": 39}, {"fields": {"name": "Musical"}, "model": "movies.genre", "pk": 40}, {"fields": {"name": "Mystery"}, "model": "movies.genre", "pk": 41}, {"fields": {"name": "Romance"}, "model": "movies.genre", "pk": 42}, {"fields": {"name": "Short"}, "model": "movies.genre", "pk": 43}, {"fields": {"name": "Talk-Show"}, "model": "movies.genre", "pk": 44}, {"fields": {"name": "Thriller"}, "model": "movies.genre", "pk": 45}, {"fields": {"name": "Western"}, "model": "movies.genre", "pk": 46}, {"fields": {"name": "Adrian Lyne"}, "model": "movies.director", "pk": 1}, {"fields": {"name": "Akira Kurosawa"}, "model": "movies.director", "pk": 2}, {"fields": {"name": "Alain Resnais"}, "model": "movies.director", "pk": 3}, {"fields": {"name": "Alfred Hitchcock"}, "model": "movies.director", "pk": 4}, {"fields": {"name": "Andy Wachowski"}, "model": "movies.director", "pk": 5}, {"fields": {"name": "Anthony Mann"}, "model": "movies.director", "pk": 6}, {"fields": {"name": "Arthur Lipsett"}, "model": "movies.director", "pk": 7}, {"fields": {"name": "Arthur Penn"}, "model": "movies.director", "pk": 8}, {"fields": {"name": "Barry Levinson"}, "model": "movies.director", "pk": 9}, {"fields": {"name": "Billy Wilder"}, "model": "movies.director", "pk": 10}, {"fields": {"name": "Bob Sweeney"}, "model": "movies.director", "pk": 11}, {"fields": {"name": "Bobby Quinn"}, "model": "movies.director", "pk": 12}, {"fields": {"name": "Bretaigne Windust"}, "model": "movies.director", "pk": 13}, {"fields": {"name": "Brian De Palma"}, "model": "movies.director", "pk": 14}, {"fields": {"name": "Bruce Gowers"}, "model": "movies.director", "pk": 15}, {"fields": {"name": "Burt Gillett"}, "model": "movies.director", "pk": 16}, {"fields": {"name": "Cameron Crowe"}, "model": "movies.director", "pk": 17}, {"fields": {"name": "Carl Boese"}, "model": "movies.director", "pk": 18}, {"fields": {"name": "Carol Reed"}, "model": "movies.director", "pk": 19}, {"fields": {"name": "Cecil B. DeMille"}, "model": "movies.director", "pk": 20}, {"fields": {"name": "Charles Chaplin"}, "model": "movies.director", "pk": 21}, {"fields": {"name": "Charles S. Dubin"}, "model": "movies.director", "pk": 22}, {"fields": {"name": "Cliff Bole"}, "model": "movies.director", "pk": 23}, {"fields": {"name": "Clint Eastwood"}, "model": "movies.director", "pk": 24}, {"fields": {"name": "Clyde Bruckman"}, "model": "movies.director", "pk": 25}, {"fields": {"name": "Clyde Geronimi"}, "model": "movies.director", "pk": 26}, {"fields": {"name": "D.W. Griffith"}, "model": "movies.director", "pk": 27}, {"fields": {"name": "Dave Wilson"}, "model": "movies.director", "pk": 28}, {"fields": {"name": "David Fincher"}, "model": "movies.director", "pk": 29}, {"fields": {"name": "David Lean"}, "model": "movies.director", "pk": 30}, {"fields": {"name": "Dennis Donnelly"}, "model": "movies.director", "pk": 31}, {"fields": {"name": "Dennis Hopper"}, "model": "movies.director", "pk": 32}, {"fields": {"name": "Don Siegel"}, "model": "movies.director", "pk": 33}, {"fields": {"name": "Douglas Camfield"}, "model": "movies.director", "pk": 34}, {"fields": {"name": "Edouard Molinaro"}, "model": "movies.director", "pk": 35}, {"fields": {"name": "Edward F. Cline"}, "model": "movies.director", "pk": 36}, {"fields": {"name": "Edward L. Cahn"}, "model": "movies.director", "pk": 37}, {"fields": {"name": "Edwin S. Porter"}, "model": "movies.director", "pk": 38}, {"fields": {"name": "Elia Kazan"}, "model": "movies.director", "pk": 39}, {"fields": {"name": "Erich von Stroheim"}, "model": "movies.director", "pk": 40}, {"fields": {"name": "Ernst Lubitsch"}, "model": "movies.director", "pk": 41}, {"fields": {"name": "F.W. Murnau"}, "model": "movies.director", "pk": 42}, {"fields": {"name": "Federico Fellini"}, "model": "movies.director", "pk": 43}, {"fields": {"name": "Francis Ford Coppola"}, "model": "movies.director", "pk": 44}, {"fields": {"name": "Frank Capra"}, "model": "movies.director", "pk": 45}, {"fields": {"name": "Frank Lloyd"}, "model": "movies.director", "pk": 46}, {"fields": {"name": "Franklin J. Schaffner"}, "model": "movies.director", "pk": 47}, {"fields": {"name": "Fred Zinnemann"}, "model": "movies.director", "pk": 48}, {"fields": {"name": "Fritz Lang"}, "model": "movies.director", "pk": 49}, {"fields": {"name": "George A. Romero"}, "model": "movies.director", "pk": 50}, {"fields": {"name": "George Cukor"}, "model": "movies.director", "pk": 51}, {"fields": {"name": "George Lucas"}, "model": "movies.director", "pk": 52}, {"fields": {"name": "George Roy Hill"}, "model": "movies.director", "pk": 53}, {"fields": {"name": "George Schaefer"}, "model": "movies.director", "pk": 54}, {"fields": {"name": "George Stevens"}, "model": "movies.director", "pk": 55}, {"fields": {"name": "Gerald Potterton"}, "model": "movies.director", "pk": 56}, {"fields": {"name": "Gerard Damiano"}, "model": "movies.director", "pk": 57}, {"fields": {"name": "Giovanni Pastrone"}, "model": "movies.director", "pk": 58}, {"fields": {"name": "Gordon Douglas"}, "model": "movies.director", "pk": 59}, {"fields": {"name": "Gregory J. Bonann"}, "model": "movies.director", "pk": 60}, {"fields": {"name": "Guy Hamilton"}, "model": "movies.director", "pk": 61}, {"fields": {"name": "Harry O. Hoyt"}, "model": "movies.director", "pk": 62}, {"fields": {"name": "Henry Lehrman"}, "model": "movies.director", "pk": 63}, {"fields": {"name": "Hollingsworth Morse"}, "model": "movies.director", "pk": 64}, {"fields": {"name": "Ingmar Bergman"}, "model": "movies.director", "pk": 65}, {"fields": {"name": "Irvin Kershner"}, "model": "movies.director", "pk": 66}, {"fields": {"name": "Ishirccab Honda"}, "model": "movies.director", "pk": 67}, {"fields": {"name": "Ivan Reitman"}, "model": "movies.director", "pk": 68}, {"fields": {"name": "J. Searle Dawley"}, "model": "movies.director", "pk": 69}, {"fields": {"name": "Jack Arnold"}, "model": "movies.director", "pk": 70}, {"fields": {"name": "James Algar"}, "model": "movies.director", "pk": 71}, {"fields": {"name": "James Cameron"}, "model": "movies.director", "pk": 72}, {"fields": {"name": "James Parrott"}, "model": "movies.director", "pk": 73}, {"fields": {"name": "James W. Horne"}, "model": "movies.director", "pk": 74}, {"fields": {"name": "James Whale"}, "model": "movies.director", "pk": 75}, {"fields": {"name": "Jean Renoir"}, "model": "movies.director", "pk": 76}, {"fields": {"name": "Jean Vigo"}, "model": "movies.director", "pk": 77}, {"fields": {"name": "Jerome Robbins"}, "model": "movies.director", "pk": 78}, {"fields": {"name": "Jerry Paris"}, "model": "movies.director", "pk": 79}, {"fields": {"name": "Jim Sharman"}, "model": "movies.director", "pk": 80}, {"fields": {"name": "John Badham"}, "model": "movies.director", "pk": 81}, {"fields": {"name": "John Boorman"}, "model": "movies.director", "pk": 82}, {"fields": {"name": "John Brahm"}, "model": "movies.director", "pk": 83}, {"fields": {"name": "John Carpenter"}, "model": "movies.director", "pk": 84}, {"fields": {"name": "John Cromwell"}, "model": "movies.director", "pk": 85}, {"fields": {"name": "John Ford"}, "model": "movies.director", "pk": 86}, {"fields": {"name": "John G. Avildsen"}, "model": "movies.director", "pk": 87}, {"fields": {"name": "John Huston"}, "model": "movies.director", "pk": 88}, {"fields": {"name": "John Landis"}, "model": "movies.director", "pk": 89}, {"fields": {"name": "John McTiernan"}, "model": "movies.director", "pk": 90}, {"fields": {"name": "John Moffitt"}, "model": "movies.director", "pk": 91}, {"fields": {"name": "John Nicolella"}, "model": "movies.director", "pk": 92}, {"fields": {"name": "John Sturges"}, "model": "movies.director", "pk": 93}, {"fields": {"name": "Jonathan Demme"}, "model": "movies.director", "pk": 94}, {"fields": {"name": "Josef von Sternberg"}, "model": "movies.director", "pk": 95}, {"fields": {"name": "Joseph Barbera"}, "model": "movies.director", "pk": 96}, {"fields": {"name": "Joseph C. Terry"}, "model": "movies.director", "pk": 97}, {"fields": {"name": "Joy Batchelor"}, "model": "movies.director", "pk": 98}, {"fields": {"name": "Karl Freund"}, "model": "movies.director", "pk": 99}, {"fields": {"name": "Kevin McCarthy"}, "model": "movies.director", "pk": 100}, {"fields": {"name": "Kim Manners"}, "model": "movies.director", "pk": 101}, {"fields": {"name": "L. Frank Baum"}, "model": "movies.director", "pk": 102}, {"fields": {"name": "Larry Semon"}, "model": "movies.director", "pk": 103}, {"fields": {"name": "Lee Sholem"}, "model": "movies.director", "pk": 104}, {"fields": {"name": "Leni Riefenstahl"}, "model": "movies.director", "pk": 105}, {"fields": {"name": "Leo McCarey"}, "model": "movies.director", "pk": 106}, {"fields": {"name": "Lewis Gilbert"}, "model": "movies.director", "pk": 107}, {"fields": {"name": "Lewis Milestone"}, "model": "movies.director", "pk": 108}, {"fields": {"name": "Lisa Simon"}, "model": "movies.director", "pk": 109}, {"fields": {"name": "Luis Bu1uel"}, "model": "movies.director", "pk": 110}, {"fields": {"name": "Luis el"}, "model": "movies.director", "pk": 111}, {"fields": {"name": "Marc Daniels"}, "model": "movies.director", "pk": 112}, {"fields": {"name": "Mark Kirkland"}, "model": "movies.director", "pk": 113}, {"fields": {"name": "Martin Scorsese"}, "model": "movies.director", "pk": 114}, {"fields": {"name": "Maurice Tourneur"}, "model": "movies.director", "pk": 115}, {"fields": {"name": "Maya Deren"}, "model": "movies.director", "pk": 116}, {"fields": {"name": "Merian C. Cooper"}, "model": "movies.director", "pk": 117}, {"fields": {"name": "Mervyn LeRoy"}, "model": "movies.director", "pk": 118}, {"fields": {"name": "Michael Curtiz"}, "model": "movies.director", "pk": 119}, {"fields": {"name": "Michael OHerlihy"}, "model": "movies.director", "pk": 120}, {"fields": {"name": "Mike Nichols"}, "model": "movies.director", "pk": 121}, {"fields": {"name": "Milos Forman"}, "model": "movies.director", "pk": 122}, {"fields": {"name": "Nicholas Ray"}, "model": "movies.director", "pk": 123}, {"fields": {"name": "Norman Ferguson"}, "model": "movies.director", "pk": 124}, {"fields": {"name": "Norman Tokar"}, "model": "movies.director", "pk": 125}, {"fields": {"name": "Orson Welles"}, "model": "movies.director", "pk": 126}, {"fields": {"name": "Oscar Rudolph"}, "model": "movies.director", "pk": 127}, {"fields": {"name": "Otto Preminger"}, "model": "movies.director", "pk": 128}, {"fields": {"name": "Peter Harris"}, "model": "movies.director", "pk": 129}, {"fields": {"name": "Peter Jackson"}, "model": "movies.director", "pk": 130}, {"fields": {"name": "Phil Karlson"}, "model": "movies.director", "pk": 131}, {"fields": {"name": "Quentin Tarantino"}, "model": "movies.director", "pk": 132}, {"fields": {"name": "Randal Kleiser"}, "model": "movies.director", "pk": 133}, {"fields": {"name": "Ray Enright"}, "model": "movies.director", "pk": 134}, {"fields": {"name": "Richard Donner"}, "model": "movies.director", "pk": 135}, {"fields": {"name": "Richard Fleischer"}, "model": "movies.director", "pk": 136}, {"fields": {"name": "Richard Marquand"}, "model": "movies.director", "pk": 137}, {"fields": {"name": "Ridley Scott"}, "model": "movies.director", "pk": 138}, {"fields": {"name": "Rob Klug"}, "model": "movies.director", "pk": 139}, {"fields": {"name": "Rob Reiner"}, "model": "movies.director", "pk": 140}, {"fields": {"name": "Robert Clouse"}, "model": "movies.director", "pk": 141}, {"fields": {"name": "Robert Stevenson"}, "model": "movies.director", "pk": 142}, {"fields": {"name": "Robert Wise"}, "model": "movies.director", "pk": 143}, {"fields": {"name": "Robert Zemeckis"}, "model": "movies.director", "pk": 144}, {"fields": {"name": "Roger Allers"}, "model": "movies.director", "pk": 145}, {"fields": {"name": "Roman Polanski"}, "model": "movies.director", "pk": 146}, {"fields": {"name": "Sam Peckinpah"}, "model": "movies.director", "pk": 147}, {"fields": {"name": "Sam Raimi"}, "model": "movies.director", "pk": 148}, {"fields": {"name": "Samuel Armstrong"}, "model": "movies.director", "pk": 149}, {"fields": {"name": "Samuel Fuller"}, "model": "movies.director", "pk": 150}, {"fields": {"name": "Sean S. Cunningham"}, "model": "movies.director", "pk": 151}, {"fields": {"name": "Sergei M. Eisenstein"}, "model": "movies.director", "pk": 152}, {"fields": {"name": "Sergio Leone"}, "model": "movies.director", "pk": 153}, {"fields": {"name": "Stanley Donen"}, "model": "movies.director", "pk": 154}, {"fields": {"name": "Stanley Kramer"}, "model": "movies.director", "pk": 155}, {"fields": {"name": "Stanley Kubrick"}, "model": "movies.director", "pk": 156}, {"fields": {"name": "Steven Soderbergh"}, "model": "movies.director", "pk": 157}, {"fields": {"name": "Steven Spielberg"}, "model": "movies.director", "pk": 158}, {"fields": {"name": "Ted Kotcheff"}, "model": "movies.director", "pk": 159}, {"fields": {"name": "Terence Young"}, "model": "movies.director", "pk": 160}, {"fields": {"name": "Tim Burton"}, "model": "movies.director", "pk": 161}, {"fields": {"name": "Tobe Hooper"}, "model": "movies.director", "pk": 162}, {"fields": {"name": "Tod Browning"}, "model": "movies.director", "pk": 163}, {"fields": {"name": "Tony Scott"}, "model": "movies.director", "pk": 164}, {"fields": {"name": "Victor Fleming"}, "model": "movies.director", "pk": 165}, {"fields": {"name": "W.S. Van Dyke"}, "model": "movies.director", "pk": 166}, {"fields": {"name": "Walt Disney"}, "model": "movies.director", "pk": 167}, {"fields": {"name": "Walter Grauman"}, "model": "movies.director", "pk": 168}, {"fields": {"name": "Wes Craven"}, "model": "movies.director", "pk": 169}, {"fields": {"name": "William A. Wellman"}, "model": "movies.director", "pk": 170}, {"fields": {"name": "William Asher"}, "model": "movies.director", "pk": 171}, {"fields": {"name": "William Cottrell"}, "model": "movies.director", "pk": 172}, {"fields": {"name": "William F. Claxton"}, "model": "movies.director", "pk": 173}, {"fields": {"name": "William Friedkin"}, "model": "movies.director", "pk": 174}, {"fields": {"name": "William Wyler"}, "model": "movies.director", "pk": 175}, {"fields": {"name": "Winsor McCay"}, "model": "movies.director", "pk": 176}, {"fields": {"name": "Yevgeni Bauer"}, "model": "movies.director", "pk": 177}, {"fields": {"name": "The Wizard of Oz", "director": 165, "popularity_99": 83, "created_dt": "2015-07-16", "genre": [8, 9, 14, 28], "imdb_score": "8.3"}, "model": "movies.movie", "pk": 1}, {"fields": {"name": "Star Wars", "director": 52, "popularity_99": 88, "created_dt": "2015-07-16", "genre": [2, 9, 19, 26], "imdb_score": "8.8"}, "model": "movies.movie", "pk": 2}, {"fields": {"name": "Cabiria", "director": 58, "popularity_99": 66, "created_dt": "2015-07-16", "genre": [7, 24, 28], "imdb_score": "6.6"}, "model": "movies.movie", "pk": 3}, {"fields": {"name": "Psycho", "director": 4, "popularity_99": 87, "created_dt": "2015-07-16", "genre": [15, 23, 39], "imdb_score": "8.7"}, "model": "movies.movie", "pk": 4}, {"fields": {"name": "King Kong", "director": 117, "popularity_99": 80, "created_dt": "2015-07-16", "genre": [9, 12, 28], "imdb_score": "8.0"}, "model": "movies.movie", "pk": 5}, {"fields": {"name": "Metropolis", "director": 49, "popularity_99": 84, "created_dt": "2015-07-16", "genre": [7, 19, 28], "imdb_score": "8.4"}, "model": "movies.movie", "pk": 6}, {"fields": {"name": "Star Trek", "director": 112, "popularity_99": 86, "created_dt": "2015-07-16", "genre": [19, 28], "imdb_score": "8.6"}, "model": "movies.movie", "pk": 7}, {"fields": {"name": "Casablanca", "director": 119, "popularity_99": 88, "created_dt": "2015-07-16", "genre": [18, 24, 34], "imdb_score": "8.8"}, "model": "movies.movie", "pk": 8}, {"fields": {"name": "Snow White and the Seven Dwarfs", "director": 172, "popularity_99": 79, "created_dt": "2015-07-16", "genre": [8, 9, 14, 18, 29], "imdb_score": "7.9"}, "model": "movies.movie", "pk": 9}, {"fields": {"name": "2001 : A Space Odyssey", "director": 156, "popularity_99": 84, "created_dt": "2015-07-16", "genre": [15, 19, 28], "imdb_score": "8.4"}, "model": "movies.movie", "pk": 10}, {"fields": {"name": "The Godfather", "director": 44, "popularity_99": 92, "created_dt": "2015-07-16", "genre": [7, 32], "imdb_score": "9.2"}, "model": "movies.movie", "pk": 11}, {"fields": {"name": "The Birth of a Nation", "director": 27, "popularity_99": 71, "created_dt": "2015-07-16", "genre": [11, 18, 24, 25, 34], "imdb_score": "7.1"}, "model": "movies.movie", "pk": 12}, {"fields": {"name": "Shadow of a Doubt", "director": 4, "popularity_99": 81, "created_dt": "2015-07-16", "genre": [10, 15, 23, 32], "imdb_score": "8.1"}, "model": "movies.movie", "pk": 13}, {"fields": {"name": "Jaws", "director": 158, "popularity_99": 83, "created_dt": "2015-07-16", "genre": [45], "imdb_score": "8.3"}, "model": "movies.movie", "pk": 14}, {"fields": {"name": "Snow White", "director": 69, "popularity_99": 64, "created_dt": "2015-07-16", "genre": [18, 36], "imdb_score": "6.4"}, "model": "movies.movie", "pk": 15}, {"fields": {"name": "Apocalypse Now", "director": 44, "popularity_99": 86, "created_dt": "2015-07-16", "genre": [24, 34], "imdb_score": "8.6"}, "model": "movies.movie", "pk": 16}, {"fields": {"name": "Gone with the Wind", "director": 165, "popularity_99": 82, "created_dt": "2015-07-16", "genre": [18, 24, 34], "imdb_score": "8.2"}, "model": "movies.movie", "pk": 17}, {"fields": {"name": "The Merry Widow", "director": 41, "popularity_99": 76, "created_dt": "2015-07-16", "genre": [4, 18, 40], "imdb_score": "7.6"}, "model": "movies.movie", "pk": 18}, {"fields": {"name": "The Searchers", "director": 86, "popularity_99": 81, "created_dt": "2015-07-16", "genre": [7, 25, 28], "imdb_score": "8.1"}, "model": "movies.movie", "pk": 19}, {"fields": {"name": "Vertigo", "director": 4, "popularity_99": 86, "created_dt": "2015-07-16", "genre": [15, 18, 23, 32], "imdb_score": "8.6"}, "model": "movies.movie", "pk": 20}, {"fields": {"name": "Dr. No", "director": 160, "popularity_99": 73, "created_dt": "2015-07-16", "genre": [2, 23, 26], "imdb_score": "7.3"}, "model": "movies.movie", "pk": 21}, {"fields": {"name": "Touch of Evil", "director": 126, "popularity_99": 83, "created_dt": "2015-07-16", "genre": [10, 23, 32], "imdb_score": "8.3"}, "model": "movies.movie", "pk": 22}, {"fields": {"name": "Chang : A Drama of the Wilderness", "director": 117, "popularity_99": 74, "created_dt": "2015-07-16", "genre": [6, 28], "imdb_score": "7.4"}, "model": "movies.movie", "pk": 23}, {"fields": {"name": "The Exorcist", "director": 174, "popularity_99": 81, "created_dt": "2015-07-16", "genre": [39], "imdb_score": "8.1"}, "model": "movies.movie", "pk": 24}, {"fields": {"name": "Citizen Kane", "director": 126, "popularity_99": 86, "created_dt": "2015-07-16", "genre": [15, 34], "imdb_score": "8.6"}, "model": "movies.movie", "pk": 25}, {"fields": {"name": "The Terminator", "director": 72, "popularity_99": 81, "created_dt": "2015-07-16", "genre": [19, 23, 26], "imdb_score": "8.1"}, "model": "movies.movie", "pk": 26}, {"fields": {"name": "Rosemarys Baby", "director": 146, "popularity_99": 81, "created_dt": "2015-07-16", "genre": [12, 15, 34], "imdb_score": "8.1"}, "model": "movies.movie", "pk": 27}, {"fields": {"name": "Bronenosets Potyomkin", "director": 152, "popularity_99": 81, "created_dt": "2015-07-16", "genre": [11, 24, 34], "imdb_score": "8.1"}, "model": "movies.movie", "pk": 28}, {"fields": {"name": "Star Wars : Episode V - The Empire Strikes Back", "director": 66, "popularity_99": 88, "created_dt": "2015-07-16", "genre": [2, 19, 26], "imdb_score": "8.8"}, "model": "movies.movie", "pk": 29}, {"fields": {"name": "The Lost World", "director": 62, "popularity_99": 71, "created_dt": "2015-07-16", "genre": [9, 12, 19, 23, 28], "imdb_score": "7.1"}, "model": "movies.movie", "pk": 30}, {"fields": {"name": "A Clockwork Orange", "director": 156, "popularity_99": 85, "created_dt": "2015-07-16", "genre": [7, 19, 32], "imdb_score": "8.5"}, "model": "movies.movie", "pk": 31}, {"fields": {"name": "Frankenstein", "director": 75, "popularity_99": 80, "created_dt": "2015-07-16", "genre": [12, 19, 34], "imdb_score": "8.0"}, "model": "movies.movie", "pk": 32}, {"fields": {"name": "Sesame Street", "director": 109, "popularity_99": 85, "created_dt": "2015-07-16", "genre": [4, 8, 9, 13, 29], "imdb_score": "8.5"}, "model": "movies.movie", "pk": 33}, {"fields": {"name": "La grande illusion", "director": 76, "popularity_99": 82, "created_dt": "2015-07-16", "genre": [24, 34], "imdb_score": "8.2"}, "model": "movies.movie", "pk": 34}, {"fields": {"name": "Raiders of the Lost Ark", "director": 158, "popularity_99": 87, "created_dt": "2015-07-16", "genre": [2, 26], "imdb_score": "8.7"}, "model": "movies.movie", "pk": 35}, {"fields": {"name": "Night of the Living Dead", "director": 50, "popularity_99": 80, "created_dt": "2015-07-16", "genre": [15, 39], "imdb_score": "8.0"}, "model": "movies.movie", "pk": 36}, {"fields": {"name": "The Wizard of Oz", "director": 103, "popularity_99": 53, "created_dt": "2015-07-16", "genre": [2, 8, 9, 31], "imdb_score": "5.3"}, "model": "movies.movie", "pk": 37}, {"fields": {"name": "THX 1138", "director": 52, "popularity_99": 68, "created_dt": "2015-07-16", "genre": [15, 19, 23, 34], "imdb_score": "6.8"}, "model": "movies.movie", "pk": 38}, {"fields": {"name": "E.T. : The Extra-Terrestrial", "director": 158, "popularity_99": 79, "created_dt": "2015-07-16", "genre": [7, 8, 9, 19, 28], "imdb_score": "7.9"}, "model": "movies.movie", "pk": 39}, {"fields": {"name": "The Poor Little Rich Girl", "director": 115, "popularity_99": 69, "created_dt": "2015-07-16", "genre": [7, 31], "imdb_score": "6.9"}, "model": "movies.movie", "pk": 40}, {"fields": {"name": "The Tin Man", "director": 73, "popularity_99": 46, "created_dt": "2015-07-16", "genre": [2, 4, 43], "imdb_score": "4.6"}, "model": "movies.movie", "pk": 41}, {"fields": {"name": "Taxi Driver", "director": 114, "popularity_99": 86, "created_dt": "2015-07-16", "genre": [23, 34], "imdb_score": "8.6"}, "model": "movies.movie", "pk": 42}, {"fields": {"name": "Il buono, il brutto, il cattivo.", "director": 153, "popularity_99": 90, "created_dt": "2015-07-16", "genre": [25, 28], "imdb_score": "9.0"}, "model": "movies.movie", "pk": 43}, {"fields": {"name": "The Battle at Elderbush Gulch", "director": 27, "popularity_99": 66, "created_dt": "2015-07-16", "genre": [1, 25, 43], "imdb_score": "6.6"}, "model": "movies.movie", "pk": 44}, {"fields": {"name": "Singin in the Rain", "director": 154, "popularity_99": 84, "created_dt": "2015-07-16", "genre": [14, 18, 31], "imdb_score": "8.4"}, "model": "movies.movie", "pk": 45}, {"fields": {"name": "On the Waterfront", "director": 39, "popularity_99": 84, "created_dt": "2015-07-16", "genre": [7, 18, 32], "imdb_score": "8.4"}, "model": "movies.movie", "pk": 46}, {"fields": {"name": "The General", "director": 25, "popularity_99": 84, "created_dt": "2015-07-16", "genre": [1, 18, 24, 31], "imdb_score": "8.4"}, "model": "movies.movie", "pk": 47}, {"fields": {"name": "Ghost Busters", "director": 68, "popularity_99": 78, "created_dt": "2015-07-16", "genre": [9, 15, 28], "imdb_score": "7.8"}, "model": "movies.movie", "pk": 48}, {"fields": {"name": "Tarzan the Ape Man", "director": 166, "popularity_99": 71, "created_dt": "2015-07-16", "genre": [2, 18, 26], "imdb_score": "7.1"}, "model": "movies.movie", "pk": 49}, {"fields": {"name": "His Majesty, the Scarecrow of Oz", "director": 102, "popularity_99": 60, "created_dt": "2015-07-16", "genre": [2, 4, 9, 35], "imdb_score": "6.0"}, "model": "movies.movie", "pk": 50}, {"fields": {"name": "The Twilight Zone", "director": 83, "popularity_99": 95, "created_dt": "2015-07-16", "genre": [9, 15, 19, 23, 34], "imdb_score": "9.5"}, "model": "movies.movie", "pk": 51}, {"fields": {"name": "The Great Train Robbery", "director": 38, "popularity_99": 75, "created_dt": "2015-07-16", "genre": [25, 43], "imdb_score": "7.5"}, "model": "movies.movie", "pk": 52}, {"fields": {"name": "Goldfinger", "director": 61, "popularity_99": 79, "created_dt": "2015-07-16", "genre": [2, 23, 26], "imdb_score": "7.9"}, "model": "movies.movie", "pk": 53}, {"fields": {"name": "La dolce vita", "director": 43, "popularity_99": 81, "created_dt": "2015-07-16", "genre": [7, 31], "imdb_score": "8.1"}, "model": "movies.movie", "pk": 54}, {"fields": {"name": "Alien", "director": 138, "popularity_99": 85, "created_dt": "2015-07-16", "genre": [12, 19, 23, 28], "imdb_score": "8.5"}, "model": "movies.movie", "pk": 55}, {"fields": {"name": "Nosferatu, eine Symphonie des Grauens", "director": 42, "popularity_99": 81, "created_dt": "2015-07-16", "genre": [12, 36], "imdb_score": "8.1"}, "model": "movies.movie", "pk": 56}, {"fields": {"name": "The Shining", "director": 156, "popularity_99": 85, "created_dt": "2015-07-16", "genre": [15, 39], "imdb_score": "8.5"}, "model": "movies.movie", "pk": 57}, {"fields": {"name": "Dr. Strangelove or : How I Learned to Stop Worrying and Love the Bomb", "director": 156, "popularity_99": 86, "created_dt": "2015-07-16", "genre": [7, 31], "imdb_score": "8.6"}, "model": "movies.movie", "pk": 58}, {"fields": {"name": "Scarface", "director": 14, "popularity_99": 82, "created_dt": "2015-07-16", "genre": [7, 23, 32], "imdb_score": "8.2"}, "model": "movies.movie", "pk": 59}, {"fields": {"name": "Rocky", "director": 87, "popularity_99": 81, "created_dt": "2015-07-16", "genre": [18, 21, 34], "imdb_score": "8.1"}, "model": "movies.movie", "pk": 60}, {"fields": {"name": "The Simpsons", "director": 113, "popularity_99": 90, "created_dt": "2015-07-16", "genre": [4, 29], "imdb_score": "9.0"}, "model": "movies.movie", "pk": 61}, {"fields": {"name": "Un chien andalou", "director": 110, "popularity_99": 80, "created_dt": "2015-07-16", "genre": [9, 43], "imdb_score": "8.0"}, "model": "movies.movie", "pk": 62}, {"fields": {"name": "Dracula", "director": 163, "popularity_99": 77, "created_dt": "2015-07-16", "genre": [12, 36], "imdb_score": "7.7"}, "model": "movies.movie", "pk": 63}, {"fields": {"name": "First Blood", "director": 159, "popularity_99": 75, "created_dt": "2015-07-16", "genre": [2, 7, 23, 26], "imdb_score": "7.5"}, "model": "movies.movie", "pk": 64}, {"fields": {"name": "The Flintstones", "director": 96, "popularity_99": 80, "created_dt": "2015-07-16", "genre": [4, 8, 29], "imdb_score": "8.0"}, "model": "movies.movie", "pk": 65}, {"fields": {"name": "Batman", "director": 127, "popularity_99": 77, "created_dt": "2015-07-16", "genre": [2, 4, 5, 8, 9, 15, 19, 26], "imdb_score": "7.7"}, "model": "movies.movie", "pk": 66}, {"fields": {"name": "The Lost Patrol", "director": 86, "popularity_99": 70, "created_dt": "2015-07-16", "genre": [24, 28], "imdb_score": "7.0"}, "model": "movies.movie", "pk": 67}, {"fields": {"name": "I Am a Fugitive from a Chain Gang", "director": 118, "popularity_99": 81, "created_dt": "2015-07-16", "genre": [7, 10, 32], "imdb_score": "8.1"}, "model": "movies.movie", "pk": 68}, {"fields": {"name": "Back to the Future", "director": 144, "popularity_99": 84, "created_dt": "2015-07-16", "genre": [8, 19, 28], "imdb_score": "8.4"}, "model": "movies.movie", "pk": 69}, {"fields": {"name": "Deliverance", "director": 82, "popularity_99": 79, "created_dt": "2015-07-16", "genre": [7, 23, 28], "imdb_score": "7.9"}, "model": "movies.movie", "pk": 70}, {"fields": {"name": "Rebecca", "director": 4, "popularity_99": 84, "created_dt": "2015-07-16", "genre": [18, 23, 41], "imdb_score": "8.4"}, "model": "movies.movie", "pk": 71}, {"fields": {"name": "The Scarecrow", "director": 36, "popularity_99": 80, "created_dt": "2015-07-16", "genre": [8, 20, 31], "imdb_score": "8.0"}, "model": "movies.movie", "pk": 72}, {"fields": {"name": "The Texas Chain Saw Massacre", "director": 162, "popularity_99": 75, "created_dt": "2015-07-16", "genre": [15, 23, 39], "imdb_score": "7.5"}, "model": "movies.movie", "pk": 73}, {"fields": {"name": "The Bridge on the River Kwai", "director": 30, "popularity_99": 84, "created_dt": "2015-07-16", "genre": [7, 24, 28], "imdb_score": "8.4"}, "model": "movies.movie", "pk": 74}, {"fields": {"name": "Its a Wonderful Life", "director": 45, "popularity_99": 87, "created_dt": "2015-07-16", "genre": [9, 18, 34], "imdb_score": "8.7"}, "model": "movies.movie", "pk": 75}, {"fields": {"name": "Sex, Lies, and Videotape", "director": 157, "popularity_99": 71, "created_dt": "2015-07-16", "genre": [34], "imdb_score": "7.1"}, "model": "movies.movie", "pk": 76}, {"fields": {"name": "Dirty Harry", "director": 33, "popularity_99": 79, "created_dt": "2015-07-16", "genre": [5, 23, 26], "imdb_score": "7.9"}, "model": "movies.movie", "pk": 77}, {"fields": {"name": "My Fair Lady", "director": 51, "popularity_99": 79, "created_dt": "2015-07-16", "genre": [8, 14, 18, 34], "imdb_score": "7.9"}, "model": "movies.movie", "pk": 78}, {"fields": {"name": "Dumbo", "director": 149, "popularity_99": 75, "created_dt": "2015-07-16", "genre": [8, 14, 29], "imdb_score": "7.5"}, "model": "movies.movie", "pk": 79}, {"fields": {"name": "The Birds", "director": 4, "popularity_99": 79, "created_dt": "2015-07-16", "genre": [18, 23, 39], "imdb_score": "7.9"}, "model": "movies.movie", "pk": 80}, {"fields": {"name": "College", "director": 74, "popularity_99": 72, "created_dt": "2015-07-16", "genre": [7, 21, 31], "imdb_score": "7.2"}, "model": "movies.movie", "pk": 81}, {"fields": {"name": "Titanic", "director": 72, "popularity_99": 74, "created_dt": "2015-07-16", "genre": [11, 18, 34], "imdb_score": "7.4"}, "model": "movies.movie", "pk": 82}, {"fields": {"name": "Ben-Hur", "director": 175, "popularity_99": 82, "created_dt": "2015-07-16", "genre": [2, 7, 11, 18, 26], "imdb_score": "8.2"}, "model": "movies.movie", "pk": 83}, {"fields": {"name": "Pulp Fiction", "director": 132, "popularity_99": 90, "created_dt": "2015-07-16", "genre": [7, 32], "imdb_score": "9.0"}, "model": "movies.movie", "pk": 84}, {"fields": {"name": "Rear Window", "director": 4, "popularity_99": 87, "created_dt": "2015-07-16", "genre": [15, 18, 23, 32], "imdb_score": "8.7"}, "model": "movies.movie", "pk": 85}, {"fields": {"name": "Aliens", "director": 72, "popularity_99": 85, "created_dt": "2015-07-16", "genre": [19, 23, 26], "imdb_score": "8.5"}, "model": "movies.movie", "pk": 86}, {"fields": {"name": "Algiers", "director": 85, "popularity_99": 70, "created_dt": "2015-07-16", "genre": [15, 18, 34], "imdb_score": "7.0"}, "model": "movies.movie", "pk": 87}, {"fields": {"name": "Greed", "director": 40, "popularity_99": 81, "created_dt": "2015-07-16", "genre": [34], "imdb_score": "8.1"}, "model": "movies.movie", "pk": 88}, {"fields": {"name": "The Silence of the Lambs", "director": 94, "popularity_99": 87, "created_dt": "2015-07-16", "genre": [23, 32], "imdb_score": "8.7"}, "model": "movies.movie", "pk": 89}, {"fields": {"name": "The Circus", "director": 21, "popularity_99": 79, "created_dt": "2015-07-16", "genre": [7, 8, 18, 31], "imdb_score": "7.9"}, "model": "movies.movie", "pk": 90}, {"fields": {"name": "The X Files", "director": 101, "popularity_99": 90, "created_dt": "2015-07-16", "genre": [15, 19, 23, 34], "imdb_score": "9.0"}, "model": "movies.movie", "pk": 91}, {"fields": {"name": "Terminator 2 : Judgment Day", "director": 72, "popularity_99": 85, "created_dt": "2015-07-16", "genre": [19, 23, 26], "imdb_score": "8.5"}, "model": "movies.movie", "pk": 92}, {"fields": {"name": "The Oprah Winfrey Show", "director": 97, "popularity_99": 60, "created_dt": "2015-07-16", "genre": [44], "imdb_score": "6.0"}, "model": "movies.movie", "pk": 93}, {"fields": {"name": "The Graduate", "director": 121, "popularity_99": 82, "created_dt": "2015-07-16", "genre": [7, 18, 31], "imdb_score": "8.2"}, "model": "movies.movie", "pk": 94}, {"fields": {"name": "The Bangville Police", "director": 63, "popularity_99": 55, "created_dt": "2015-07-16", "genre": [20, 31], "imdb_score": "5.5"}, "model": "movies.movie", "pk": 95}, {"fields": {"name": "The Matrix", "director": 5, "popularity_99": 87, "created_dt": "2015-07-16", "genre": [2, 19, 26], "imdb_score": "8.7"}, "model": "movies.movie", "pk": 96}, {"fields": {"name": "The Brady Bunch", "director": 127, "popularity_99": 70, "created_dt": "2015-07-16", "genre": [8, 31], "imdb_score": "7.0"}, "model": "movies.movie", "pk": 97}, {"fields": {"name": "Lawrence of Arabia", "director": 30, "popularity_99": 85, "created_dt": "2015-07-16", "genre": [3, 7, 11, 24, 28], "imdb_score": "8.5"}, "model": "movies.movie", "pk": 98}, {"fields": {"name": "A Nightmare on Elm Street", "director": 169, "popularity_99": 74, "created_dt": "2015-07-16", "genre": [15, 39], "imdb_score": "7.4"}, "model": "movies.movie", "pk": 99}, {"fields": {"name": "Pygmalion", "director": 54, "popularity_99": 78, "created_dt": "2015-07-16", "genre": [7, 31], "imdb_score": "7.8"}, "model": "movies.movie", "pk": 100}, {"fields": {"name": "North by Northwest", "director": 4, "popularity_99": 86, "created_dt": "2015-07-16", "genre": [7, 15, 18, 23, 28], "imdb_score": "8.6"}, "model": "movies.movie", "pk": 101}, {"fields": {"name": "The Sound of Music", "director": 143, "popularity_99": 79, "created_dt": "2015-07-16", "genre": [7, 8, 14, 30], "imdb_score": "7.9"}, "model": "movies.movie", "pk": 102}, {"fields": {"name": "Gilligans Island", "director": 70, "popularity_99": 78, "created_dt": "2015-07-16", "genre": [8, 31], "imdb_score": "7.8"}, "model": "movies.movie", "pk": 103}, {"fields": {"name": "Bambi", "director": 71, "popularity_99": 76, "created_dt": "2015-07-16", "genre": [7, 8, 29], "imdb_score": "7.6"}, "model": "movies.movie", "pk": 104}, {"fields": {"name": "West Side Story", "director": 78, "popularity_99": 78, "created_dt": "2015-07-16", "genre": [7, 14, 18, 32], "imdb_score": "7.8"}, "model": "movies.movie", "pk": 105}, {"fields": {"name": "From Here to Eternity", "director": 48, "popularity_99": 79, "created_dt": "2015-07-16", "genre": [18, 24, 34], "imdb_score": "7.9"}, "model": "movies.movie", "pk": 106}, {"fields": {"name": "Halloween", "director": 84, "popularity_99": 79, "created_dt": "2015-07-16", "genre": [23, 39], "imdb_score": "7.9"}, "model": "movies.movie", "pk": 107}, {"fields": {"name": "I Love Lucy", "director": 171, "popularity_99": 90, "created_dt": "2015-07-16", "genre": [8, 31], "imdb_score": "9.0"}, "model": "movies.movie", "pk": 108}, {"fields": {"name": "Mad Love", "director": 99, "popularity_99": 74, "created_dt": "2015-07-16", "genre": [12, 42], "imdb_score": "7.4"}, "model": "movies.movie", "pk": 109}, {"fields": {"name": "Blade Runner", "director": 138, "popularity_99": 83, "created_dt": "2015-07-16", "genre": [19, 23, 34], "imdb_score": "8.3"}, "model": "movies.movie", "pk": 110}, {"fields": {"name": "Mary Poppins", "director": 142, "popularity_99": 77, "created_dt": "2015-07-16", "genre": [8, 9, 14, 31], "imdb_score": "7.7"}, "model": "movies.movie", "pk": 111}, {"fields": {"name": "Star Wars : Episode VI - Return of the Jedi", "director": 137, "popularity_99": 83, "created_dt": "2015-07-16", "genre": [2, 9, 19, 26], "imdb_score": "8.3"}, "model": "movies.movie", "pk": 112}, {"fields": {"name": "Close Encounters of the Third Kind", "director": 158, "popularity_99": 78, "created_dt": "2015-07-16", "genre": [19, 34], "imdb_score": "7.8"}, "model": "movies.movie", "pk": 113}, {"fields": {"name": "Shichinin no samurai", "director": 2, "popularity_99": 88, "created_dt": "2015-07-16", "genre": [7, 28], "imdb_score": "8.8"}, "model": "movies.movie", "pk": 114}, {"fields": {"name": "Bride of Frankenstein", "director": 75, "popularity_99": 80, "created_dt": "2015-07-16", "genre": [19, 39], "imdb_score": "8.0"}, "model": "movies.movie", "pk": 115}, {"fields": {"name": "The Treasure of the Sierra Madre", "director": 88, "popularity_99": 85, "created_dt": "2015-07-16", "genre": [1, 7, 25, 28], "imdb_score": "8.5"}, "model": "movies.movie", "pk": 116}, {"fields": {"name": "5 Against the House", "director": 131, "popularity_99": 60, "created_dt": "2015-07-16", "genre": [5, 10, 34], "imdb_score": "6.0"}, "model": "movies.movie", "pk": 117}, {"fields": {"name": "Kagemusha", "director": 2, "popularity_99": 79, "created_dt": "2015-07-16", "genre": [11, 24, 34], "imdb_score": "7.9"}, "model": "movies.movie", "pk": 118}, {"fields": {"name": "His Trust Fulfilled", "director": 27, "popularity_99": 47, "created_dt": "2015-07-16", "genre": [7, 43], "imdb_score": "4.7"}, "model": "movies.movie", "pk": 119}, {"fields": {"name": "His Trust", "director": 27, "popularity_99": 53, "created_dt": "2015-07-16", "genre": [7, 24, 43], "imdb_score": "5.3"}, "model": "movies.movie", "pk": 120}, {"fields": {"name": "Gojira", "director": 67, "popularity_99": 73, "created_dt": "2015-07-16", "genre": [12, 19, 23, 34], "imdb_score": "7.3"}, "model": "movies.movie", "pk": 121}, {"fields": {"name": "Spartacus", "director": 156, "popularity_99": 80, "created_dt": "2015-07-16", "genre": [2, 3, 7, 11, 26], "imdb_score": "8.0"}, "model": "movies.movie", "pk": 122}, {"fields": {"name": "Dreams of the Rarebit Fiend : The Pet", "director": 176, "popularity_99": 71, "created_dt": "2015-07-16", "genre": [20, 29], "imdb_score": "7.1"}, "model": "movies.movie", "pk": 123}, {"fields": {"name": "The Maltese Falcon", "director": 88, "popularity_99": 84, "created_dt": "2015-07-16", "genre": [10, 15, 32], "imdb_score": "8.4"}, "model": "movies.movie", "pk": 124}, {"fields": {"name": "Planet of the Apes", "director": 47, "popularity_99": 80, "created_dt": "2015-07-16", "genre": [15, 19, 28], "imdb_score": "8.0"}, "model": "movies.movie", "pk": 125}, {"fields": {"name": "The Sea Hawk", "director": 46, "popularity_99": 72, "created_dt": "2015-07-16", "genre": [7, 18, 28], "imdb_score": "7.2"}, "model": "movies.movie", "pk": 126}, {"fields": {"name": "All Quiet on the Western Front", "director": 108, "popularity_99": 82, "created_dt": "2015-07-16", "genre": [7, 11, 24, 26], "imdb_score": "8.2"}, "model": "movies.movie", "pk": 127}, {"fields": {"name": "Der Golem, wie er in die Welt kam", "director": 18, "popularity_99": 74, "created_dt": "2015-07-16", "genre": [12, 36], "imdb_score": "7.4"}, "model": "movies.movie", "pk": 128}, {"fields": {"name": "In Like Flint", "director": 59, "popularity_99": 59, "created_dt": "2015-07-16", "genre": [2, 4, 19, 26], "imdb_score": "5.9"}, "model": "movies.movie", "pk": 129}, {"fields": {"name": "The Bells of St. Marys", "director": 106, "popularity_99": 74, "created_dt": "2015-07-16", "genre": [8, 34], "imdb_score": "7.4"}, "model": "movies.movie", "pk": 130}, {"fields": {"name": "Duel", "director": 158, "popularity_99": 77, "created_dt": "2015-07-16", "genre": [23, 41], "imdb_score": "7.7"}, "model": "movies.movie", "pk": 131}, {"fields": {"name": "Stachka", "director": 152, "popularity_99": 78, "created_dt": "2015-07-16", "genre": [34], "imdb_score": "7.8"}, "model": "movies.movie", "pk": 132}, {"fields": {"name": "Oklahoma!", "director": 48, "popularity_99": 71, "created_dt": "2015-07-16", "genre": [18, 25, 40], "imdb_score": "7.1"}, "model": "movies.movie", "pk": 133}, {"fields": {"name": "At Land", "director": 116, "popularity_99": 74, "created_dt": "2015-07-16", "genre": [43], "imdb_score": "7.4"}, "model": "movies.movie", "pk": 134}, {"fields": {"name": "Jurassic Park", "director": 158, "popularity_99": 79, "created_dt": "2015-07-16", "genre": [2, 8, 19, 26], "imdb_score": "7.9"}, "model": "movies.movie", "pk": 135}, {"fields": {"name": "Stagecoach", "director": 86, "popularity_99": 79, "created_dt": "2015-07-16", "genre": [7, 18, 25, 26], "imdb_score": "7.9"}, "model": "movies.movie", "pk": 136}, {"fields": {"name": "Paths of Glory", "director": 156, "popularity_99": 86, "created_dt": "2015-07-16", "genre": [7, 24, 32], "imdb_score": "8.6"}, "model": "movies.movie", "pk": 137}, {"fields": {"name": "Happy Days", "director": 79, "popularity_99": 77, "created_dt": "2015-07-16", "genre": [8, 13, 31], "imdb_score": "7.7"}, "model": "movies.movie", "pk": 138}, {"fields": {"name": "Saturday Night Fever", "director": 81, "popularity_99": 68, "created_dt": "2015-07-16", "genre": [13, 18, 34], "imdb_score": "6.8"}, "model": "movies.movie", "pk": 139}, {"fields": {"name": "The Philadelphia Story", "director": 51, "popularity_99": 81, "created_dt": "2015-07-16", "genre": [18, 31], "imdb_score": "8.1"}, "model": "movies.movie", "pk": 140}, {"fields": {"name": "8xe5", "director": 43, "popularity_99": 82, "created_dt": "2015-07-16", "genre": [9, 34], "imdb_score": "8.2"}, "model": "movies.movie", "pk": 141}, {"fields": {"name": "Doctor Who", "director": 34, "popularity_99": 86, "created_dt": "2015-07-16", "genre": [7, 19, 28], "imdb_score": "8.6"}, "model": "movies.movie", "pk": 142}, {"fields": {"name": "M", "director": 49, "popularity_99": 86, "created_dt": "2015-07-16", "genre": [23, 32], "imdb_score": "8.6"}, "model": "movies.movie", "pk": 143}, {"fields": {"name": "Moby Dick", "director": 88, "popularity_99": 74, "created_dt": "2015-07-16", "genre": [7, 28], "imdb_score": "7.4"}, "model": "movies.movie", "pk": 144}, {"fields": {"name": "Carrie", "director": 14, "popularity_99": 74, "created_dt": "2015-07-16", "genre": [23, 39], "imdb_score": "7.4"}, "model": "movies.movie", "pk": 145}, {"fields": {"name": "Rebel Without a Cause", "director": 123, "popularity_99": 79, "created_dt": "2015-07-16", "genre": [18, 34], "imdb_score": "7.9"}, "model": "movies.movie", "pk": 146}, {"fields": {"name": "Superman", "director": 135, "popularity_99": 73, "created_dt": "2015-07-16", "genre": [2, 8, 19, 26], "imdb_score": "7.3"}, "model": "movies.movie", "pk": 147}, {"fields": {"name": "The Muppet Show", "director": 129, "popularity_99": 88, "created_dt": "2015-07-16", "genre": [8, 13, 31], "imdb_score": "8.8"}, "model": "movies.movie", "pk": 148}, {"fields": {"name": "Pinocchio", "director": 124, "popularity_99": 77, "created_dt": "2015-07-16", "genre": [7, 8, 9, 13, 29], "imdb_score": "7.7"}, "model": "movies.movie", "pk": 149}, {"fields": {"name": "21-87", "director": 7, "popularity_99": 75, "created_dt": "2015-07-16", "genre": [43], "imdb_score": "7.5"}, "model": "movies.movie", "pk": 150}, {"fields": {"name": "Scooby Doo, Where Are You!", "director": 96, "popularity_99": 81, "created_dt": "2015-07-16", "genre": [2, 4, 8, 15, 29], "imdb_score": "8.1"}, "model": "movies.movie", "pk": 151}, {"fields": {"name": "Animal Farm", "director": 98, "popularity_99": 71, "created_dt": "2015-07-16", "genre": [7, 29], "imdb_score": "7.1"}, "model": "movies.movie", "pk": 152}, {"fields": {"name": "Swing Your Lady", "director": 134, "popularity_99": 48, "created_dt": "2015-07-16", "genre": [13, 18, 21, 31], "imdb_score": "4.8"}, "model": "movies.movie", "pk": 153}, {"fields": {"name": "Shane", "director": 55, "popularity_99": 78, "created_dt": "2015-07-16", "genre": [25, 34], "imdb_score": "7.8"}, "model": "movies.movie", "pk": 154}, {"fields": {"name": "The Karate Kid", "director": 87, "popularity_99": 69, "created_dt": "2015-07-16", "genre": [8, 21, 34], "imdb_score": "6.9"}, "model": "movies.movie", "pk": 155}, {"fields": {"name": "Jeopardy!", "director": 100, "popularity_99": 86, "created_dt": "2015-07-16", "genre": [38], "imdb_score": "8.6"}, "model": "movies.movie", "pk": 156}, {"fields": {"name": "Leave It to Beaver", "director": 125, "popularity_99": 82, "created_dt": "2015-07-16", "genre": [8, 31], "imdb_score": "8.2"}, "model": "movies.movie", "pk": 157}, {"fields": {"name": "Bonnie and Clyde", "director": 8, "popularity_99": 80, "created_dt": "2015-07-16", "genre": [5, 7, 18, 30], "imdb_score": "8.0"}, "model": "movies.movie", "pk": 158}, {"fields": {"name": "One Flew Over the Cuckoos Nest", "director": 122, "popularity_99": 89, "created_dt": "2015-07-16", "genre": [34], "imdb_score": "8.9"}, "model": "movies.movie", "pk": 159}, {"fields": {"name": "Saturday Night Live", "director": 28, "popularity_99": 81, "created_dt": "2015-07-16", "genre": [13, 31], "imdb_score": "8.1"}, "model": "movies.movie", "pk": 160}, {"fields": {"name": "Cera una volta il West", "director": 153, "popularity_99": 88, "created_dt": "2015-07-16", "genre": [46], "imdb_score": "8.8"}, "model": "movies.movie", "pk": 161}, {"fields": {"name": "Sunrise : A Song of Two Humans", "director": 42, "popularity_99": 84, "created_dt": "2015-07-16", "genre": [18, 34], "imdb_score": "8.4"}, "model": "movies.movie", "pk": 162}, {"fields": {"name": "The Lion King", "director": 145, "popularity_99": 82, "created_dt": "2015-07-16", "genre": [2, 7, 8, 14, 29], "imdb_score": "8.2"}, "model": "movies.movie", "pk": 163}, {"fields": {"name": "Plane Crazy", "director": 167, "popularity_99": 75, "created_dt": "2015-07-16", "genre": [4, 8, 20, 29], "imdb_score": "7.5"}, "model": "movies.movie", "pk": 164}, {"fields": {"name": "60 Minutes", "director": 139, "popularity_99": 64, "created_dt": "2015-07-16", "genre": [16, 33], "imdb_score": "6.4"}, "model": "movies.movie", "pk": 165}, {"fields": {"name": "Lolita", "director": 156, "popularity_99": 77, "created_dt": "2015-07-16", "genre": [18, 34], "imdb_score": "7.7"}, "model": "movies.movie", "pk": 166}, {"fields": {"name": "Die Hard", "director": 90, "popularity_99": 83, "created_dt": "2015-07-16", "genre": [5, 23, 26], "imdb_score": "8.3"}, "model": "movies.movie", "pk": 167}, {"fields": {"name": "Laura", "director": 128, "popularity_99": 82, "created_dt": "2015-07-16", "genre": [10, 15, 18, 23, 32], "imdb_score": "8.2"}, "model": "movies.movie", "pk": 168}, {"fields": {"name": "Easy Rider", "director": 32, "popularity_99": 73, "created_dt": "2015-07-16", "genre": [7, 32], "imdb_score": "7.3"}, "model": "movies.movie", "pk": 169}, {"fields": {"name": "Invasion of the Body Snatchers", "director": 33, "popularity_99": 80, "created_dt": "2015-07-16", "genre": [19, 23, 39], "imdb_score": "8.0"}, "model": "movies.movie", "pk": 170}, {"fields": {"name": "Lanncca9e derniccacre ccca Marienbad", "director": 3, "popularity_99": 78, "created_dt": "2015-07-16", "genre": [15, 18, 34], "imdb_score": "7.8"}, "model": "movies.movie", "pk": 171}, {"fields": {"name": "Lady in a Cage", "director": 168, "popularity_99": 68, "created_dt": "2015-07-16", "genre": [23, 34], "imdb_score": "6.8"}, "model": "movies.movie", "pk": 172}, {"fields": {"name": "The Evil Dead", "director": 148, "popularity_99": 76, "created_dt": "2015-07-16", "genre": [39], "imdb_score": "7.6"}, "model": "movies.movie", "pk": 173}, {"fields": {"name": "The Tonight Show Starring Johnny Carson", "director": 12, "popularity_99": 83, "created_dt": "2015-07-16", "genre": [13, 22, 31], "imdb_score": "8.3"}, "model": "movies.movie", "pk": 174}, {"fields": {"name": "Top Gun", "director": 164, "popularity_99": 66, "created_dt": "2015-07-16", "genre": [7, 18, 26], "imdb_score": "6.6"}, "model": "movies.movie", "pk": 175}, {"fields": {"name": "You Only Live Twice", "director": 107, "popularity_99": 69, "created_dt": "2015-07-16", "genre": [2, 19, 23, 26], "imdb_score": "6.9"}, "model": "movies.movie", "pk": 176}, {"fields": {"name": "From Russia with Love", "director": 160, "popularity_99": 75, "created_dt": "2015-07-16", "genre": [2, 18, 23, 26], "imdb_score": "7.5"}, "model": "movies.movie", "pk": 177}, {"fields": {"name": "The Lone Ranger", "director": 64, "popularity_99": 81, "created_dt": "2015-07-16", "genre": [8, 25, 28], "imdb_score": "8.1"}, "model": "movies.movie", "pk": 178}, {"fields": {"name": "Deep Throat", "director": 57, "popularity_99": 52, "created_dt": "2015-07-16", "genre": [4, 27], "imdb_score": "5.2"}, "model": "movies.movie", "pk": 179}, {"fields": {"name": "Shock Corridor", "director": 150, "popularity_99": 76, "created_dt": "2015-07-16", "genre": [15, 34], "imdb_score": "7.6"}, "model": "movies.movie", "pk": 180}, {"fields": {"name": "Enter the Dragon", "director": 141, "popularity_99": 76, "created_dt": "2015-07-16", "genre": [5, 7, 23, 26], "imdb_score": "7.6"}, "model": "movies.movie", "pk": 181}, {"fields": {"name": "The Magnificent Seven", "director": 93, "popularity_99": 78, "created_dt": "2015-07-16", "genre": [2, 7, 46], "imdb_score": "7.8"}, "model": "movies.movie", "pk": 182}, {"fields": {"name": "Underworld", "director": 95, "popularity_99": 77, "created_dt": "2015-07-16", "genre": [7, 32], "imdb_score": "7.7"}, "model": "movies.movie", "pk": 183}, {"fields": {"name": "She Wore a Yellow Ribbon", "director": 86, "popularity_99": 73, "created_dt": "2015-07-16", "genre": [46], "imdb_score": "7.3"}, "model": "movies.movie", "pk": 184}, {"fields": {"name": "Un dans la ville", "director": 35, "popularity_99": 67, "created_dt": "2015-07-16", "genre": [23, 34], "imdb_score": "6.7"}, "model": "movies.movie", "pk": 185}, {"fields": {"name": "Batman", "director": 161, "popularity_99": 76, "created_dt": "2015-07-16", "genre": [7, 23, 32], "imdb_score": "7.6"}, "model": "movies.movie", "pk": 186}, {"fields": {"name": "Cinderella", "director": 26, "popularity_99": 74, "created_dt": "2015-07-16", "genre": [8, 9, 14, 18, 29], "imdb_score": "7.4"}, "model": "movies.movie", "pk": 187}, {"fields": {"name": "Tarzans Magic Fountain", "director": 104, "popularity_99": 55, "created_dt": "2015-07-16", "genre": [2, 9, 18, 26], "imdb_score": "5.5"}, "model": "movies.movie", "pk": 188}, {"fields": {"name": "High Noon", "director": 48, "popularity_99": 83, "created_dt": "2015-07-16", "genre": [25, 34], "imdb_score": "8.3"}, "model": "movies.movie", "pk": 189}, {"fields": {"name": "Triumph des Willens", "director": 105, "popularity_99": 77, "created_dt": "2015-07-16", "genre": [24, 33], "imdb_score": "7.7"}, "model": "movies.movie", "pk": 190}, {"fields": {"name": "Mr. Smith Goes to Washington", "director": 45, "popularity_99": 84, "created_dt": "2015-07-16", "genre": [34], "imdb_score": "8.4"}, "model": "movies.movie", "pk": 191}, {"fields": {"name": "Grease", "director": 133, "popularity_99": 70, "created_dt": "2015-07-16", "genre": [18, 40], "imdb_score": "7.0"}, "model": "movies.movie", "pk": 192}, {"fields": {"name": "Intolerance : Loves Struggle Throughout the Ages", "director": 27, "popularity_99": 81, "created_dt": "2015-07-16", "genre": [11, 18, 34], "imdb_score": "8.1"}, "model": "movies.movie", "pk": 193}, {"fields": {"name": "Reservoir Dogs", "director": 132, "popularity_99": 84, "created_dt": "2015-07-16", "genre": [15, 23, 32], "imdb_score": "8.4"}, "model": "movies.movie", "pk": 194}, {"fields": {"name": "A Place in the Sun", "director": 55, "popularity_99": 78, "created_dt": "2015-07-16", "genre": [18, 34], "imdb_score": "7.8"}, "model": "movies.movie", "pk": 195}, {"fields": {"name": "The Third Man", "director": 19, "popularity_99": 85, "created_dt": "2015-07-16", "genre": [15, 23, 37], "imdb_score": "8.5"}, "model": "movies.movie", "pk": 196}, {"fields": {"name": "The Gold Rush", "director": 21, "popularity_99": 83, "created_dt": "2015-07-16", "genre": [4, 8, 18, 25, 28], "imdb_score": "8.3"}, "model": "movies.movie", "pk": 197}, {"fields": {"name": "The Ten Commandments", "director": 20, "popularity_99": 79, "created_dt": "2015-07-16", "genre": [7, 11, 28], "imdb_score": "7.9"}, "model": "movies.movie", "pk": 198}, {"fields": {"name": "My Darling Clementine", "director": 86, "popularity_99": 79, "created_dt": "2015-07-16", "genre": [25, 34], "imdb_score": "7.9"}, "model": "movies.movie", "pk": 199}, {"fields": {"name": "Sunset Blvd.", "director": 10, "popularity_99": 87, "created_dt": "2015-07-16", "genre": [10, 34], "imdb_score": "8.7"}, "model": "movies.movie", "pk": 200}, {"fields": {"name": "Friday the 13th", "director": 151, "popularity_99": 63, "created_dt": "2015-07-16", "genre": [15, 23, 39], "imdb_score": "6.3"}, "model": "movies.movie", "pk": 201}, {"fields": {"name": "The Great Escape", "director": 93, "popularity_99": 83, "created_dt": "2015-07-16", "genre": [7, 11, 24, 28], "imdb_score": "8.3"}, "model": "movies.movie", "pk": 202}, {"fields": {"name": "Play Misty for Me", "director": 24, "popularity_99": 70, "created_dt": "2015-07-16", "genre": [7, 18, 23, 32], "imdb_score": "7.0"}, "model": "movies.movie", "pk": 203}, {"fields": {"name": "Jerry Maguire", "director": 17, "popularity_99": 73, "created_dt": "2015-07-16", "genre": [7, 18, 21, 31], "imdb_score": "7.3"}, "model": "movies.movie", "pk": 204}, {"fields": {"name": "The Enforcer", "director": 13, "popularity_99": 73, "created_dt": "2015-07-16", "genre": [5, 10, 34], "imdb_score": "7.3"}, "model": "movies.movie", "pk": 205}, {"fields": {"name": "Fantastic Voyage", "director": 136, "popularity_99": 68, "created_dt": "2015-07-16", "genre": [19, 28], "imdb_score": "6.8"}, "model": "movies.movie", "pk": 206}, {"fields": {"name": "Butch Cassidy and the Sundance Kid", "director": 53, "popularity_99": 82, "created_dt": "2015-07-16", "genre": [5, 7, 25, 28], "imdb_score": "8.2"}, "model": "movies.movie", "pk": 207}, {"fields": {"name": "The Andy Griffith Show", "director": 11, "popularity_99": 86, "created_dt": "2015-07-16", "genre": [8, 31], "imdb_score": "8.6"}, "model": "movies.movie", "pk": 208}, {"fields": {"name": "The Blues Brothers", "director": 89, "popularity_99": 79, "created_dt": "2015-07-16", "genre": [4, 13, 14, 26], "imdb_score": "7.9"}, "model": "movies.movie", "pk": 209}, {"fields": {"name": "Forrest Gump", "director": 144, "popularity_99": 86, "created_dt": "2015-07-16", "genre": [18, 34], "imdb_score": "8.6"}, "model": "movies.movie", "pk": 210}, {"fields": {"name": "Some Like It Hot", "director": 10, "popularity_99": 84, "created_dt": "2015-07-16", "genre": [31], "imdb_score": "8.4"}, "model": "movies.movie", "pk": 211}, {"fields": {"name": "American Idol : The Search for a Superstar", "director": 15, "popularity_99": 48, "created_dt": "2015-07-16", "genre": [13, 17, 38], "imdb_score": "4.8"}, "model": "movies.movie", "pk": 212}, {"fields": {"name": "Fight Club", "director": 29, "popularity_99": 88, "created_dt": "2015-07-16", "genre": [15, 23, 34], "imdb_score": "8.8"}, "model": "movies.movie", "pk": 213}, {"fields": {"name": "Revenge of the Creature", "director": 70, "popularity_99": 51, "created_dt": "2015-07-16", "genre": [19, 39], "imdb_score": "5.1"}, "model": "movies.movie", "pk": 214}, {"fields": {"name": "Chinatown", "director": 146, "popularity_99": 85, "created_dt": "2015-07-16", "genre": [15, 23, 34], "imdb_score": "8.5"}, "model": "movies.movie", "pk": 215}, {"fields": {"name": "The Wild Bunch", "director": 147, "popularity_99": 81, "created_dt": "2015-07-16", "genre": [25, 26], "imdb_score": "8.1"}, "model": "movies.movie", "pk": 216}, {"fields": {"name": "The Lord of the Rings : The Fellowship of the Ring", "director": 130, "popularity_99": 88, "created_dt": "2015-07-16", "genre": [2, 9, 26], "imdb_score": "8.8"}, "model": "movies.movie", "pk": 217}, {"fields": {"name": "Mutiny on the Bounty", "director": 46, "popularity_99": 79, "created_dt": "2015-07-16", "genre": [7, 11, 28], "imdb_score": "7.9"}, "model": "movies.movie", "pk": 218}, {"fields": {"name": "El", "director": 111, "popularity_99": 78, "created_dt": "2015-07-16", "genre": [18, 34], "imdb_score": "7.8"}, "model": "movies.movie", "pk": 219}, {"fields": {"name": "Full Metal Jacket", "director": 156, "popularity_99": 84, "created_dt": "2015-07-16", "genre": [24, 34], "imdb_score": "8.4"}, "model": "movies.movie", "pk": 220}, {"fields": {"name": "The Pride and the Passion", "director": 155, "popularity_99": 55, "created_dt": "2015-07-16", "genre": [2, 7, 18, 24, 26], "imdb_score": "5.5"}, "model": "movies.movie", "pk": 221}, {"fields": {"name": "This Is Spinal Tap", "director": 140, "popularity_99": 80, "created_dt": "2015-07-16", "genre": [13, 31], "imdb_score": "8.0"}, "model": "movies.movie", "pk": 222}, {"fields": {"name": "Winchester 73", "director": 6, "popularity_99": 78, "created_dt": "2015-07-16", "genre": [46], "imdb_score": "7.8"}, "model": "movies.movie", "pk": 223}, {"fields": {"name": "Star Trek : The Next Generation", "director": 23, "popularity_99": 88, "created_dt": "2015-07-16", "genre": [2, 19, 26], "imdb_score": "8.8"}, "model": "movies.movie", "pk": 224}, {"fields": {"name": "Kojak", "director": 22, "popularity_99": 73, "created_dt": "2015-07-16", "genre": [7, 15, 32], "imdb_score": "7.3"}, "model": "movies.movie", "pk": 225}, {"fields": {"name": "Gryozy", "director": 177, "popularity_99": 74, "created_dt": "2015-07-16", "genre": [20, 34], "imdb_score": "7.4"}, "model": "movies.movie", "pk": 226}, {"fields": {"name": "Baywatch", "director": 60, "popularity_99": 49, "created_dt": "2015-07-16", "genre": [1, 2, 34], "imdb_score": "4.9"}, "model": "movies.movie", "pk": 227}, {"fields": {"name": "Heavy Metal", "director": 56, "popularity_99": 64, "created_dt": "2015-07-16", "genre": [1, 2, 4, 5, 9, 12, 19, 29], "imdb_score": "6.4"}, "model": "movies.movie", "pk": 228}, {"fields": {"name": "The Day the Earth Stood Still", "director": 143, "popularity_99": 80, "created_dt": "2015-07-16", "genre": [19, 23, 34], "imdb_score": "8.0"}, "model": "movies.movie", "pk": 229}, {"fields": {"name": "Three Little Pigs", "director": 16, "popularity_99": 77, "created_dt": "2015-07-16", "genre": [4, 8, 14, 20, 29], "imdb_score": "7.7"}, "model": "movies.movie", "pk": 230}, {"fields": {"name": "The Public Enemy", "director": 170, "popularity_99": 78, "created_dt": "2015-07-16", "genre": [5, 7, 26], "imdb_score": "7.8"}, "model": "movies.movie", "pk": 231}, {"fields": {"name": "The Rocky Horror Picture Show", "director": 80, "popularity_99": 71, "created_dt": "2015-07-16", "genre": [14, 31], "imdb_score": "7.1"}, "model": "movies.movie", "pk": 232}, {"fields": {"name": "Rain Man", "director": 9, "popularity_99": 80, "created_dt": "2015-07-16", "genre": [34], "imdb_score": "8.0"}, "model": "movies.movie", "pk": 233}, {"fields": {"name": "Latalante", "director": 77, "popularity_99": 80, "created_dt": "2015-07-16", "genre": [18, 34], "imdb_score": "8.0"}, "model": "movies.movie", "pk": 234}, {"fields": {"name": "Persona", "director": 65, "popularity_99": 82, "created_dt": "2015-07-16", "genre": [9, 34], "imdb_score": "8.2"}, "model": "movies.movie", "pk": 235}, {"fields": {"name": "Dawn of the Dead", "director": 50, "popularity_99": 80, "created_dt": "2015-07-16", "genre": [12, 26], "imdb_score": "8.0"}, "model": "movies.movie", "pk": 236}, {"fields": {"name": "Bonanza", "director": 173, "popularity_99": 74, "created_dt": "2015-07-16", "genre": [4, 7, 18, 24, 25, 26], "imdb_score": "7.4"}, "model": "movies.movie", "pk": 237}, {"fields": {"name": "Fatal Attraction", "director": 1, "popularity_99": 68, "created_dt": "2015-07-16", "genre": [23, 34], "imdb_score": "6.8"}, "model": "movies.movie", "pk": 238}, {"fields": {"name": "It! The Terror from Beyond Space", "director": 37, "popularity_99": 60, "created_dt": "2015-07-16", "genre": [19, 39], "imdb_score": "6.0"}, "model": "movies.movie", "pk": 239}, {"fields": {"name": "Toast of the Town", "director": 91, "popularity_99": 83, "created_dt": "2015-07-16", "genre": [13, 31], "imdb_score": "8.3"}, "model": "movies.movie", "pk": 240}, {"fields": {"name": "The French Connection", "director": 174, "popularity_99": 79, "created_dt": "2015-07-16", "genre": [5, 23, 26], "imdb_score": "7.9"}, "model": "movies.movie", "pk": 241}, {"fields": {"name": "Peter Pan", "director": 26, "popularity_99": 73, "created_dt": "2015-07-16", "genre": [2, 8, 9, 13, 29], "imdb_score": "7.3"}, "model": "movies.movie", "pk": 242}, {"fields": {"name": "Miami Vice", "director": 92, "popularity_99": 78, "created_dt": "2015-07-16", "genre": [5, 7, 23, 26], "imdb_score": "7.8"}, "model": "movies.movie", "pk": 243}, {"fields": {"name": "Star Wars : Episode I - The Phantom Menace", "director": 52, "popularity_99": 64, "created_dt": "2015-07-16", "genre": [2, 9, 19, 26], "imdb_score": "6.4"}, "model": "movies.movie", "pk": 244}, {"fields": {"name": "Goodfellas", "director": 114, "popularity_99": 88, "created_dt": "2015-07-16", "genre": [7, 23, 32], "imdb_score": "8.8"}, "model": "movies.movie", "pk": 245}, {"fields": {"name": "The Egyptian", "director": 119, "popularity_99": 62, "created_dt": "2015-07-16", "genre": [11, 34], "imdb_score": "6.2"}, "model": "movies.movie", "pk": 246}, {"fields": {"name": "Hawaii Five-O", "director": 120, "popularity_99": 76, "created_dt": "2015-07-16", "genre": [7, 15, 32], "imdb_score": "7.6"}, "model": "movies.movie", "pk": 247}, {"fields": {"name": "Charlies Angels", "director": 31, "popularity_99": 66, "created_dt": "2015-07-16", "genre": [2, 5, 7, 15, 26], "imdb_score": "6.6"}, "model": "movies.movie", "pk": 248}, {"fields": {"codename": "add_logentry", "name": "Can add log entry", "content_type": 1}, "model": "auth.permission", "pk": 1}, {"fields": {"codename": "change_logentry", "name": "Can change log entry", "content_type": 1}, "model": "auth.permission", "pk": 2}, {"fields": {"codename": "delete_logentry", "name": "Can delete log entry", "content_type": 1}, "model": "auth.permission", "pk": 3}, {"fields": {"codename": "add_permission", "name": "Can add permission", "content_type": 2}, "model": "auth.permission", "pk": 4}, {"fields": {"codename": "change_permission", "name": "Can change permission", "content_type": 2}, "model": "auth.permission", "pk": 5}, {"fields": {"codename": "delete_permission", "name": "Can delete permission", "content_type": 2}, "model": "auth.permission", "pk": 6}, {"fields": {"codename": "add_group", "name": "Can add group", "content_type": 3}, "model": "auth.permission", "pk": 7}, {"fields": {"codename": "change_group", "name": "Can change group", "content_type": 3}, "model": "auth.permission", "pk": 8}, {"fields": {"codename": "delete_group", "name": "Can delete group", "content_type": 3}, "model": "auth.permission", "pk": 9}, {"fields": {"codename": "add_user", "name": "Can add user", "content_type": 4}, "model": "auth.permission", "pk": 10}, {"fields": {"codename": "change_user", "name": "Can change user", "content_type": 4}, "model": "auth.permission", "pk": 11}, {"fields": {"codename": "delete_user", "name": "Can delete user", "content_type": 4}, "model": "auth.permission", "pk": 12}, {"fields": {"codename": "add_contenttype", "name": "Can add content type", "content_type": 5}, "model": "auth.permission", "pk": 13}, {"fields": {"codename": "change_contenttype", "name": "Can change content type", "content_type": 5}, "model": "auth.permission", "pk": 14}, {"fields": {"codename": "delete_contenttype", "name": "Can delete content type", "content_type": 5}, "model": "auth.permission", "pk": 15}, {"fields": {"codename": "add_session", "name": "Can add session", "content_type": 6}, "model": "auth.permission", "pk": 16}, {"fields": {"codename": "change_session", "name": "Can change session", "content_type": 6}, "model": "auth.permission", "pk": 17}, {"fields": {"codename": "delete_session", "name": "Can delete session", "content_type": 6}, "model": "auth.permission", "pk": 18}, {"fields": {"codename": "add_apiaccess", "name": "Can add api access", "content_type": 7}, "model": "auth.permission", "pk": 19}, {"fields": {"codename": "change_apiaccess", "name": "Can change api access", "content_type": 7}, "model": "auth.permission", "pk": 20}, {"fields": {"codename": "delete_apiaccess", "name": "Can delete api access", "content_type": 7}, "model": "auth.permission", "pk": 21}, {"fields": {"codename": "add_apikey", "name": "Can add api key", "content_type": 8}, "model": "auth.permission", "pk": 22}, {"fields": {"codename": "change_apikey", "name": "Can change api key", "content_type": 8}, "model": "auth.permission", "pk": 23}, {"fields": {"codename": "delete_apikey", "name": "Can delete api key", "content_type": 8}, "model": "auth.permission", "pk": 24}, {"fields": {"codename": "add_genre", "name": "Can add genre", "content_type": 9}, "model": "auth.permission", "pk": 25}, {"fields": {"codename": "change_genre", "name": "Can change genre", "content_type": 9}, "model": "auth.permission", "pk": 26}, {"fields": {"codename": "delete_genre", "name": "Can delete genre", "content_type": 9}, "model": "auth.permission", "pk": 27}, {"fields": {"codename": "add_director", "name": "Can add director", "content_type": 10}, "model": "auth.permission", "pk": 28}, {"fields": {"codename": "change_director", "name": "Can change director", "content_type": 10}, "model": "auth.permission", "pk": 29}, {"fields": {"codename": "delete_director", "name": "Can delete director", "content_type": 10}, "model": "auth.permission", "pk": 30}, {"fields": {"codename": "add_movie", "name": "Can add movie", "content_type": 11}, "model": "auth.permission", "pk": 31}, {"fields": {"codename": "change_movie", "name": "Can change movie", "content_type": 11}, "model": "auth.permission", "pk": 32}, {"fields": {"codename": "delete_movie", "name": "Can delete movie", "content_type": 11}, "model": "auth.permission", "pk": 33}, {"fields": {"username": "nikhila", "first_name": "", "last_name": "", "is_active": true, "is_superuser": true, "is_staff": true, "last_login": "2015-07-16T17:46:43Z", "groups": [], "user_permissions": [], "password": "pbkdf2_sha256$12000$RtJrJI3ALvwt$rbZyiesrBdKRHGcHrO+K7FzVbh2mT6g/6332AP63Mx0=", "email": "", "date_joined": "2015-07-16T17:46:43Z"}, "model": "auth.user", "pk": 1}]